order_id,order_date,country,region,state,category,product_name,quantity,sales,discount,profit
ORD00001,2025-09-01,United States,West,Oregon,Technology,Printer,7,1213.81,0.0,192.29
ORD00002,2025-03-25,United States,East,Massachusetts,Office Supplies,Binder,2,36.9,0.0,6.6
ORD00003,2025-03-03,United States,West,Washington,Technology,Accessories,7,554.15,0.05,184.95
ORD00004,2024-01-19,United States,Central,Colorado,Office Supplies,Paper,1,24.19,0.3,0.66
ORD00005,2025-02-06,United States,South,Texas,Furniture,Desk,4,3474.5,0.0,609.23
ORD00006,2025-03-30,United States,West,Oregon,Technology,Accessories,5,345.6,0.1,93.43
ORD00007,2025-05-30,United States,Central,Minnesota,Furniture,Chair,4,1917.68,0.1,159.66
ORD00008,2025-11-02,United States,West,Washington,Office Supplies,Paper,3,102.02,0.1,14.89
ORD00009,2023-11-02,United States,South,Georgia,Office Supplies,Binder,4,153.76,0.3,11.84
ORD00010,2024-03-28,United States,East,New York,Office Supplies,Storage,3,41.75,0.3,-1.06
ORD00011,2023-10-11,United States,East,New York,Technology,Laptop,6,6162.51,0.0,992.94
ORD00012,2025-11-06,United States,Central,Illinois,Technology,Phone,6,1680.36,0.2,97.65
ORD00013,2025-10-22,United States,South,Texas,Technology,Phone,2,1145.0,0.2,92.22
ORD00014,2025-08-04,United States,East,New Jersey,Office Supplies,Paper,7,257.66,0.1,28.39
ORD00015,2024-12-18,United States,South,Texas,Office Supplies,Binder,8,323.84,0.0,101.61
ORD00016,2024-11-16,United States,East,New Jersey,Furniture,Desk,7,4516.22,0.1,598.38
ORD00017,2023-06-22,United States,South,North Carolina,Technology,Laptop,5,6709.01,0.0,1212.29
ORD00018,2025-10-28,United States,Central,Colorado,Technology,Laptop,8,8480.08,0.0,1405.52
ORD00019,2024-04-28,United States,Central,Minnesota,Office Supplies,Labels,5,139.64,0.0,41.89
ORD00020,2024-06-09,United States,West,Nevada,Furniture,Table,5,555.27,0.2,26.96
ORD00021,2023-09-16,United States,West,Oregon,Office Supplies,Paper,3,133.93,0.0,32.06
ORD00022,2023-10-23,United States,West,California,Furniture,Desk,3,461.36,0.0,55.61
ORD00023,2024-02-14,United States,Central,Colorado,Office Supplies,Storage,4,174.03,0.4,-6.14
ORD00024,2025-12-09,United States,Central,Minnesota,Office Supplies,Paper,3,34.85,0.2,8.56
ORD00025,2024-07-24,United States,West,California,Office Supplies,Paper,7,180.35,0.0,39.77
ORD00026,2024-05-28,United States,Central,Illinois,Furniture,Table,6,642.91,0.2,29.31
ORD00027,2024-01-09,United States,South,Georgia,Office Supplies,Storage,8,978.73,0.0,231.59
ORD00028,2024-07-24,United States,Central,Illinois,Office Supplies,Labels,2,18.71,0.0,8.46
ORD00029,2024-08-24,United States,East,Virginia,Office Supplies,Storage,4,313.06,0.2,33.33
ORD00030,2023-11-21,United States,East,Massachusetts,Furniture,Bookcase,5,2433.13,0.15,238.86
ORD00031,2025-08-13,United States,South,Texas,Technology,Accessories,3,281.48,0.15,74.09
ORD00032,2023-09-01,United States,West,California,Office Supplies,Paper,6,173.12,0.0,33.59
ORD00033,2024-10-11,United States,South,North Carolina,Furniture,Bookcase,8,4367.05,0.1,673.19
ORD00034,2025-10-02,United States,East,New York,Furniture,Table,2,818.74,0.0,172.71
ORD00035,2023-06-11,United States,East,Virginia,Office Supplies,Storage,8,1046.7,0.0,246.16
ORD00036,2025-09-19,United States,Central,Colorado,Furniture,Bookcase,3,564.71,0.0,137.02
ORD00037,2024-04-02,United States,East,Massachusetts,Office Supplies,Storage,5,334.86,0.3,21.47
ORD00038,2023-08-12,United States,East,New York,Furniture,Desk,1,173.33,0.15,8.61
ORD00039,2024-05-08,United States,East,Virginia,Office Supplies,Storage,5,687.12,0.0,185.1
ORD00040,2023-06-19,United States,West,Nevada,Office Supplies,Binder,4,161.03,0.1,36.62
ORD00041,2025-09-09,United States,South,Georgia,Furniture,Desk,5,4353.26,0.0,669.9
ORD00042,2024-07-16,United States,Central,Colorado,Furniture,Desk,5,1013.27,0.4,-167.43
ORD00043,2025-05-01,United States,East,New Jersey,Technology,Phone,7,4286.28,0.05,1029.16
ORD00044,2024-04-05,United States,East,Virginia,Office Supplies,Labels,4,53.0,0.4,3.12
ORD00045,2023-05-28,United States,South,Texas,Technology,Laptop,6,4094.78,0.5,-587.87
ORD00046,2025-02-27,United States,East,New York,Furniture,Table,2,1975.62,0.0,304.14
ORD00047,2025-11-17,United States,East,Virginia,Technology,Laptop,6,6980.55,0.0,1110.44
ORD00048,2023-10-17,United States,Central,Minnesota,Furniture,Table,5,2579.13,0.2,34.39
ORD00049,2023-10-23,United States,West,Washington,Furniture,Bookcase,7,606.7,0.1,86.75
ORD00050,2023-09-04,United States,South,North Carolina,Furniture,Chair,6,828.0,0.15,53.44
ORD00051,2025-10-20,United States,South,Florida,Furniture,Bookcase,7,2102.16,0.3,-28.47
ORD00052,2025-07-05,United States,West,Nevada,Office Supplies,Paper,7,188.15,0.3,0.94
ORD00053,2023-12-14,United States,South,Florida,Furniture,Chair,1,331.67,0.05,37.07
ORD00054,2025-08-03,United States,West,Washington,Technology,Accessories,7,1335.38,0.0,522.15
ORD00055,2025-04-29,United States,South,Texas,Furniture,Chair,6,3437.2,0.0,540.77
ORD00056,2023-04-01,United States,West,Oregon,Office Supplies,Labels,8,93.18,0.15,19.37
ORD00057,2025-11-06,United States,Central,Illinois,Technology,Printer,8,2355.12,0.1,134.26
ORD00058,2024-08-05,United States,West,California,Furniture,Chair,3,1697.13,0.05,291.16
ORD00059,2024-05-04,United States,East,Virginia,Technology,Phone,1,431.77,0.0,106.03
ORD00060,2025-08-06,United States,West,Washington,Office Supplies,Labels,8,229.44,0.0,59.51
ORD00061,2024-08-06,United States,East,New Jersey,Furniture,Chair,5,510.66,0.0,73.42
ORD00062,2023-11-14,United States,West,California,Furniture,Chair,7,796.27,0.3,-36.4
ORD00063,2023-01-24,United States,East,New Jersey,Technology,Laptop,6,6301.45,0.1,661.4
ORD00064,2024-04-11,United States,East,New Jersey,Furniture,Chair,6,710.85,0.2,35.15
ORD00065,2024-11-04,United States,West,Washington,Furniture,Bookcase,2,841.98,0.0,163.42
ORD00066,2024-12-08,United States,East,New York,Furniture,Chair,1,274.06,0.0,63.13
ORD00067,2025-06-14,United States,West,Oregon,Furniture,Desk,7,1536.83,0.0,188.2
ORD00068,2024-08-17,United States,East,New Jersey,Office Supplies,Binder,4,136.8,0.1,35.15
ORD00069,2025-12-04,United States,West,California,Office Supplies,Labels,3,88.69,0.0,28.41
ORD00070,2024-12-03,United States,East,New Jersey,Office Supplies,Labels,7,122.29,0.2,17.19
ORD00071,2025-11-29,United States,Central,Ohio,Furniture,Chair,8,3502.1,0.0,662.56
ORD00072,2023-05-21,United States,West,Nevada,Furniture,Chair,5,704.13,0.0,130.43
ORD00073,2025-07-06,United States,Central,Colorado,Technology,Laptop,4,4693.22,0.1,490.4
ORD00074,2024-07-24,United States,East,New Jersey,Office Supplies,Labels,6,31.33,0.15,6.61
ORD00075,2024-09-20,United States,West,California,Furniture,Table,6,1719.98,0.1,178.73
ORD00076,2024-12-30,United States,East,Virginia,Furniture,Bookcase,3,819.78,0.5,-127.55
ORD00077,2023-05-31,United States,South,Georgia,Furniture,Table,5,1194.89,0.1,106.92
ORD00078,2025-03-16,United States,Central,Minnesota,Furniture,Desk,5,2832.1,0.0,414.38
ORD00079,2024-05-16,United States,West,Oregon,Technology,Phone,8,2830.79,0.2,229.54
ORD00080,2025-12-23,United States,South,North Carolina,Technology,Laptop,2,2342.31,0.0,349.54
ORD00081,2023-02-17,United States,East,New York,Office Supplies,Paper,1,43.9,0.0,6.37
ORD00082,2025-05-30,United States,Central,Colorado,Technology,Accessories,7,420.52,0.2,77.58
ORD00083,2023-08-05,United States,West,California,Furniture,Bookcase,6,676.03,0.4,-61.27
ORD00084,2023-08-25,United States,South,North Carolina,Furniture,Bookcase,8,4344.01,0.0,737.56
ORD00085,2024-11-19,United States,East,New York,Furniture,Table,8,5875.25,0.1,569.14
ORD00086,2023-02-18,United States,West,Nevada,Office Supplies,Binder,4,268.05,0.05,84.21
ORD00087,2024-04-27,United States,South,North Carolina,Technology,Phone,4,1839.25,0.15,103.23
ORD00088,2024-02-03,United States,East,New York,Office Supplies,Storage,8,164.73,0.05,32.09
ORD00089,2025-03-06,United States,South,North Carolina,Office Supplies,Paper,4,79.35,0.0,
ORD00090,2023-04-30,United States,West,California,Furniture,Desk,4,1274.07,0.0,190.16
ORD00091,2023-04-27,United States,Central,Ohio,Office Supplies,Paper,3,60.73,0.1,10.17
ORD00092,2024-09-19,United States,East,New York,Furniture,Desk,4,300.35,0.3,-12.95
ORD00093,2023-02-03,United States,South,Georgia,Technology,Phone,3,1440.56,0.15,92.53
ORD00094,2025-06-07,United States,Central,Illinois,Furniture,Table,6,2045.39,0.5,-322.17
ORD00095,2025-07-18,United States,Central,Ohio,Technology,Printer,3,576.88,0.1,63.26
ORD00096,2023-10-22,United States,South,Georgia,Technology,Laptop,5,3058.1,0.5,-573.56
ORD00097,2025-02-20,United States,South,North Carolina,Furniture,Chair,8,3429.24,0.0,652.56
ORD00098,2024-09-16,United States,South,North Carolina,Furniture,Desk,2,1202.38,0.05,145.12
ORD00099,2023-11-19,United States,Central,Ohio,Technology,Phone,4,2099.64,0.2,112.69
ORD00100,2024-11-08,United States,East,Massachusetts,Office Supplies,Labels,7,185.55,0.0,51.71
ORD00101,2024-11-25,United States,West,California,Office Supplies,Binder,7,518.36,0.0,129.3
ORD00102,2024-12-16,United States,South,Florida,Technology,Accessories,1,33.7,0.0,15.46
ORD00103,2024-12-21,United States,East,New Jersey,Office Supplies,Storage,8,1076.88,0.15,136.64
ORD00104,2023-06-03,United States,South,Florida,Furniture,Table,5,1024.72,0.3,-21.12
ORD00105,2024-10-15,United States,South,Georgia,Furniture,Chair,8,2352.68,0.15,273.23
ORD00106,2025-05-11,United States,Central,Colorado,Technology,Accessories,3,279.39,0.1,72.02
ORD00107,2024-06-04,United States,Central,Illinois,Furniture,Chair,6,642.62,0.3,-4.8
ORD00108,2023-06-08,United States,West,Oregon,Furniture,Desk,6,4128.19,0.2,-71.56
ORD00109,2024-04-25,United States,East,New Jersey,Office Supplies,Storage,7,761.58,0.2,91.57
ORD00110,2024-02-15,United States,West,California,Furniture,Bookcase,4,955.92,0.4,-86.54
ORD00111,2025-07-18,United States,Central,Illinois,Technology,Phone,8,3103.99,0.0,824.99
ORD00112,2023-07-13,United States,East,Virginia,Office Supplies,Binder,3,58.28,0.5,-1.22
ORD00113,2025-11-19,United States,South,Texas,Furniture,Table,7,3281.97,0.0,521.11
ORD00114,2025-09-16,United States,East,Massachusetts,Furniture,Bookcase,6,943.55,0.0,197.2
ORD00115,2025-12-25,United States,South,Texas,Office Supplies,Binder,5,85.97,0.4,0.09
ORD00116,2024-11-07,United States,East,Virginia,Technology,Phone,2,525.95,0.15,37.53
ORD00117,2024-11-23,United States,Central,Minnesota,Furniture,Desk,8,592.42,0.4,-98.1
ORD00118,2024-12-27,United States,Central,Ohio,Furniture,Chair,5,648.49,0.5,-77.08
ORD00119,2024-03-05,United States,East,Massachusetts,Office Supplies,Storage,8,443.04,0.2,74.68
ORD00120,2024-07-13,United States,Central,Minnesota,Technology,Phone,1,545.56,0.0,130.63
ORD00121,2024-07-02,United States,South,North Carolina,Office Supplies,Labels,7,113.32,0.3,1.71
ORD00122,2023-10-24,United States,South,Georgia,Furniture,Table,8,5162.54,0.0,977.28
ORD00123,2023-04-02,United States,Central,Ohio,Furniture,Chair,4,1986.77,0.1,128.63
ORD00124,2023-02-13,United States,South,Florida,Furniture,Bookcase,4,1760.8,0.15,160.03
ORD00125,2024-09-04,United States,West,Nevada,Technology,Printer,3,831.44,0.2,21.57
ORD00126,2025-01-20,United States,East,Virginia,Office Supplies,Paper,5,46.16,0.5,-7.88
ORD00127,2025-01-15,United States,West,Nevada,Furniture,Desk,6,3191.57,0.1,429.25
ORD00128,2024-08-27,United States,West,Oregon,Technology,Laptop,8,8229.73,0.1,981.73
ORD00129,2024-09-20,United States,West,Oregon,Furniture,Chair,1,94.99,0.0,13.62
ORD00130,2024-11-11,United States,South,Georgia,Furniture,Bookcase,3,563.4,0.1,62.09
ORD00131,2023-06-30,United States,East,Virginia,Technology,Printer,1,133.64,0.0,20.59
ORD00132,2023-10-14,United States,West,California,Office Supplies,Storage,1,42.3,0.0,12.37
ORD00133,2024-08-25,United States,Central,Minnesota,Technology,Laptop,8,7003.19,0.3,-35.46
ORD00134,2024-04-17,United States,East,New York,Furniture,Table,3,993.35,0.4,-127.32
ORD00135,2025-05-20,United States,Central,Colorado,Office Supplies,Paper,6,90.41,0.2,5.72
ORD00136,2023-10-26,United States,East,Virginia,Technology,Accessories,7,1219.88,0.1,319.43
ORD00137,2024-02-15,United States,East,Virginia,Technology,Printer,2,309.42,0.1,19.64
ORD00138,2023-08-21,United States,West,Nevada,Technology,Laptop,1,576.91,0.5,-96.16
ORD00139,2025-01-29,United States,East,Massachusetts,Office Supplies,Labels,2,28.02,0.0,5.61
ORD00140,2023-12-09,United States,East,Virginia,Technology,Printer,8,2183.61,0.2,13.46
ORD00141,2025-10-02,United States,South,Georgia,Office Supplies,Binder,4,293.24,0.0,88.38
ORD00142,2023-09-02,United States,Central,Colorado,Office Supplies,Labels,8,179.8,0.0,56.79
ORD00143,2024-09-16,United States,Central,Ohio,Office Supplies,Labels,3,44.0,0.2,0.21
ORD00144,2025-12-19,United States,West,Nevada,Technology,Laptop,3,3354.61,0.0,664.82
ORD00145,2025-09-04,United States,West,Washington,Technology,Laptop,2,1685.61,0.2,120.4
ORD00146,2024-01-02,United States,Central,Colorado,Technology,Laptop,7,4880.83,0.4,-502.93
ORD00147,2024-06-13,United States,West,Nevada,Technology,Printer,7,737.35,0.15,42.12
ORD00148,2025-08-04,United States,West,Washington,Office Supplies,Paper,3,49.58,0.0,7.87
ORD00149,2025-05-25,United States,South,Georgia,Technology,Phone,4,1287.95,0.0,244.89
ORD00150,2023-11-11,United States,West,Oregon,Furniture,Chair,5,863.97,0.4,-77.29
ORD00151,2025-09-14,United States,West,Oregon,Furniture,Desk,2,811.65,0.15,9.98
ORD00152,2023-10-26,United States,Central,Minnesota,Office Supplies,Binder,8,321.84,0.2,60.9
ORD00153,2023-03-19,United States,East,Massachusetts,Office Supplies,Storage,3,477.58,,152.03
ORD00154,2025-07-15,United States,Central,Illinois,Office Supplies,Binder,5,139.09,0.0,39.17
ORD00155,2023-10-19,United States,Central,Illinois,Technology,Accessories,4,629.81,0.0,240.08
ORD00156,2025-06-19,United States,Central,Minnesota,Furniture,Desk,4,2723.2,0.0,362.54
ORD00157,2025-05-04,United States,West,Washington,Technology,Phone,8,3408.93,0.4,-253.24
ORD00158,2024-10-25,United States,West,Washington,Furniture,Table,8,1042.03,0.3,-64.0
ORD00159,2024-08-14,United States,East,Virginia,Office Supplies,Binder,6,191.79,0.1,39.72
ORD00160,2025-05-25,United States,South,Florida,Technology,Accessories,3,350.11,0.05,101.88
ORD00161,2023-11-23,United States,East,New Jersey,Office Supplies,Paper,3,92.95,0.1,12.45
ORD00162,2025-09-29,United States,West,California,Technology,Phone,4,2343.9,0.0,605.44
ORD00163,2024-08-26,United States,Central,Colorado,Technology,Accessories,2,153.82,0.2,37.6
ORD00164,2023-02-14,United States,East,New Jersey,Office Supplies,Binder,1,41.53,0.0,13.44
ORD00165,2023-04-10,United States,Central,Ohio,Office Supplies,Binder,4,142.25,0.0,45.07
ORD00166,2023-12-03,United States,South,Georgia,Furniture,Desk,1,178.78,0.0,29.13
ORD00167,2025-03-23,United States,Central,Ohio,Technology,Phone,5,2801.05,0.3,19.58
ORD00168,2024-01-03,United States,South,Texas,Office Supplies,Labels,8,20.47,0.5,-6.26
ORD00169,2024-06-24,United States,East,New Jersey,Technology,Printer,1,139.66,0.5,-29.57
ORD00170,2024-09-21,United States,East,Massachusetts,Office Supplies,Binder,3,62.6,0.0,19.69
ORD00171,2024-09-23,United States,East,Virginia,Office Supplies,Binder,1,52.59,0.2,4.46
ORD00172,2025-03-05,United States,West,Washington,Furniture,Table,5,3607.75,0.1,343.44
ORD00173,2025-11-26,United States,East,New York,Office Supplies,Storage,8,341.8,0.0,95.07
ORD00174,2023-05-10,United States,East,Massachusetts,Office Supplies,Binder,7,111.36,0.15,24.69
ORD00175,2025-08-12,United States,West,Washington,Office Supplies,Paper,3,46.85,0.05,2.86
ORD00176,2024-10-12,United States,South,Texas,Office Supplies,Labels,8,184.27,0.0,49.14
ORD00177,2025-08-26,United States,East,Virginia,Technology,Phone,3,1584.05,0.1,268.43
ORD00178,2024-07-05,United States,West,Nevada,Furniture,Table,7,5444.42,0.0,925.23
ORD00179,2023-08-27,United States,South,Texas,Office Supplies,Paper,4,155.32,0.2,7.53
ORD00180,2023-04-26,United States,Central,Colorado,Office Supplies,Binder,5,81.2,0.4,4.43
ORD00181,2023-08-08,United States,South,Texas,Office Supplies,Storage,8,346.27,0.3,14.32
ORD00182,2023-01-09,United States,West,Washington,Office Supplies,Binder,7,363.34,0.0,96.57
ORD00183,2024-01-31,United States,Central,Minnesota,Furniture,Chair,3,1714.59,0.0,323.93
ORD00184,2025-03-29,United States,West,Washington,Office Supplies,Storage,4,310.22,0.1,45.1
ORD00185,2023-02-16,United States,Central,Colorado,Furniture,Table,1,332.37,0.0,35.18
ORD00186,2024-12-09,United States,South,Florida,Furniture,Desk,1,273.74,0.4,-27.42
ORD00187,2024-08-29,United States,East,Massachusetts,Furniture,Desk,4,1182.28,0.0,228.19
ORD00188,2024-09-14,United States,West,Oregon,Furniture,Table,4,2702.68,0.15,106.87
ORD00189,2025-05-23,United States,East,New York,Technology,Accessories,2,197.61,0.0,76.57
ORD00190,2024-12-07,United States,East,Massachusetts,Office Supplies,Binder,5,105.84,0.1,24.87
ORD00191,2023-11-16,United States,East,Virginia,Technology,Phone,7,4284.31,0.0,990.6
ORD00192,2024-09-11,United States,Central,Colorado,Technology,Printer,8,2184.41,0.1,197.13
ORD00193,2025-09-14,United States,Central,Minnesota,Technology,Accessories,8,1060.41,0.0,349.79
ORD00194,2025-08-16,United States,South,Florida,Technology,Laptop,4,5147.59,0.0,860.2
ORD00195,2024-05-03,United States,East,Virginia,Office Supplies,Binder,3,172.51,0.05,48.66
ORD00196,2023-07-03,United States,East,Massachusetts,Technology,Accessories,4,391.77,0.15,88.29
ORD00197,2024-10-30,United States,South,Texas,Technology,Accessories,3,233.96,0.1,63.81
ORD00198,2024-01-08,United States,South,North Carolina,Technology,Printer,3,1023.59,0.0,167.49
ORD00199,2025-12-08,United States,Central,Colorado,Technology,Accessories,3,162.2,0.2,35.28
ORD00200,2025-10-21,United States,West,Nevada,Technology,Laptop,2,2305.81,0.15,195.38
ORD00201,2025-12-01,United States,East,New Jersey,Furniture,Table,2,203.37,0.5,-35.58
ORD00202,2025-03-31,United States,East,New Jersey,Furniture,Chair,2,830.79,0.15,48.83
ORD00203,2024-02-26,United States,East,Virginia,Furniture,Table,7,2771.39,0.0,421.01
ORD00204,2024-05-16,United States,Central,Colorado,Technology,Phone,4,1236.98,0.05,225.38
ORD00205,2025-08-04,United States,East,Massachusetts,Office Supplies,Binder,4,84.2,0.0,22.55
ORD00206,2023-12-23,United States,South,Texas,Office Supplies,Paper,6,283.73,0.05,56.43
ORD00207,2024-03-11,United States,West,Oregon,Office Supplies,Binder,3,170.28,0.0,52.88
ORD00208,2025-01-24,United States,East,New York,Office Supplies,Binder,4,73.8,0.0,18.8
ORD00209,2025-12-02,United States,West,Nevada,Technology,Phone,7,2274.13,0.1,349.98
ORD00210,2025-08-17,United States,East,New York,Technology,Phone,4,1374.1,0.0,273.3
ORD00211,2024-08-15,United States,Central,Colorado,Furniture,Table,7,742.31,0.15,78.69
ORD00212,2023-10-19,United States,West,Washington,Office Supplies,Storage,4,112.93,0.3,4.99
ORD00213,2025-04-16,United States,West,Washington,Furniture,Chair,7,1073.87,0.2,57.99
ORD00214,2023-08-14,United States,Central,Illinois,Furniture,Desk,2,1505.8,0.0,177.81
ORD00215,2024-12-12,United States,Central,Ohio,Technology,Laptop,7,6941.18,0.15,590.4
ORD00216,2024-11-10,United States,East,Virginia,Furniture,Bookcase,7,2871.97,0.15,341.89
ORD00217,2024-01-26,United States,South,Florida,Technology,Laptop,2,1889.65,0.05,323.57
ORD00218,2024-09-06,United States,Central,Ohio,Technology,Laptop,6,7356.3,0.0,958.57
ORD00219,2023-12-10,United States,South,Texas,Office Supplies,Paper,2,47.53,0.2,0.44
ORD00220,2025-07-25,United States,West,California,Office Supplies,Paper,2,29.36,0.0,5.49
ORD00221,2025-08-12,United States,Central,Minnesota,Furniture,Chair,8,2536.11,0.0,511.34
ORD00222,2023-01-23,United States,East,New York,Technology,Laptop,6,8301.12,0.0,1708.22
ORD00223,2024-11-03,United States,Central,Minnesota,Furniture,Chair,2,324.35,0.1,35.02
ORD00224,2024-08-14,United States,West,Nevada,Technology,Laptop,4,3735.63,0.3,-17.02
ORD00225,2024-04-09,United States,East,Massachusetts,Office Supplies,Labels,4,25.61,0.0,4.0
ORD00226,2023-11-27,United States,West,Washington,Furniture,Table,4,1528.93,0.0,236.86
ORD00227,2024-02-02,United States,South,Texas,Furniture,Desk,5,409.86,0.5,-89.24
ORD00228,2023-05-27,United States,East,New Jersey,Technology,Printer,5,1309.82,0.3,-66.4
ORD00229,2024-11-12,United States,East,Massachusetts,Furniture,Desk,1,489.23,0.15,10.16
ORD00230,2025-04-08,United States,East,Massachusetts,Office Supplies,Paper,7,72.75,0.0,19.75
ORD00231,2023-11-06,United States,South,Texas,Office Supplies,Labels,3,44.78,0.15,12.15
ORD00232,2025-11-03,United States,South,Florida,Technology,Printer,5,771.11,0.0,117.68
ORD00233,2025-04-09,United States,Central,Ohio,Office Supplies,Paper,3,149.82,0.0,31.84
ORD00234,2024-04-26,United States,Central,Illinois,Furniture,Table,7,3950.87,0.0,715.32
ORD00235,2023-09-18,United States,South,Georgia,Technology,Laptop,5,4843.54,0.2,324.55
ORD00236,2024-10-20,United States,East,Virginia,Technology,Laptop,5,5057.84,0.0,1036.17
ORD00237,2024-11-15,United States,East,Virginia,Technology,Phone,7,4180.54,0.15,541.29
ORD00238,2025-10-06,United States,South,Florida,Furniture,Table,3,1770.93,0.4,-225.4
ORD00239,2024-08-25,United States,West,Nevada,Office Supplies,Binder,6,117.15,0.0,33.89
ORD00240,2025-08-17,United States,Central,Ohio,Technology,Laptop,7,9476.89,0.0,1633.9
ORD00241,2024-12-07,United States,South,North Carolina,Technology,Accessories,7,657.31,0.0,215.86
ORD00242,2025-03-21,United States,Central,Ohio,Office Supplies,Binder,8,171.01,0.2,29.53
ORD00243,2025-01-13,United States,West,Nevada,Furniture,Chair,7,2578.35,0.0,513.48
ORD00244,2025-01-30,United States,South,Georgia,Furniture,Bookcase,5,1658.65,0.0,296.39
ORD00245,2025-04-24,United States,South,Texas,Furniture,Chair,1,122.91,0.0,18.21
ORD00246,2024-03-20,United States,Central,Ohio,Technology,Laptop,6,4797.44,0.15,458.43
ORD00247,2025-04-25,United States,East,New York,Furniture,Desk,6,1716.6,0.0,298.74
ORD00248,2025-10-26,United States,South,Georgia,Furniture,Desk,3,1757.36,0.0,276.85
ORD00249,2023-03-13,United States,East,Massachusetts,Office Supplies,Labels,1,9.01,0.2,3.52
ORD00250,2024-11-30,United States,South,Texas,Furniture,Bookcase,2,937.02,0.0,169.82
ORD00251,2024-06-14,United States,West,Oregon,Technology,Laptop,4,4216.61,0.0,596.93
ORD00252,2025-05-04,United States,Central,Minnesota,Office Supplies,Paper,3,108.74,0.2,5.14
ORD00253,2025-05-02,United States,West,Washington,Technology,Phone,8,5373.65,0.2,334.06
ORD00254,2023-09-14,United States,West,Oregon,Furniture,Table,3,1603.36,0.1,147.38
ORD00255,2024-12-24,United States,South,Texas,Office Supplies,Paper,4,132.64,0.0,25.14
ORD00256,2025-10-22,United States,East,New York,Furniture,Chair,8,1124.29,0.15,102.99
ORD00257,2024-11-18,United States,South,North Carolina,Office Supplies,Labels,4,51.9,0.3,4.26
ORD00258,2025-08-06,United States,West,Nevada,Technology,Phone,5,2871.77,0.1,531.46
ORD00259,2023-04-17,United States,Central,Colorado,Technology,Accessories,6,974.51,0.0,327.89
ORD00260,2025-12-05,United States,West,Oregon,Furniture,Bookcase,8,2362.52,0.3,-148.01
ORD00261,2024-07-23,United States,West,Nevada,Office Supplies,Binder,3,124.93,0.0,42.06
ORD00262,2024-12-20,United States,East,Virginia,Office Supplies,Paper,6,105.59,0.0,22.25
ORD00263,2023-12-27,United States,South,Florida,Office Supplies,Labels,7,87.34,0.0,28.56
ORD00264,2023-06-29,United States,Central,Illinois,Furniture,Chair,8,2329.75,0.4,-248.59
ORD00265,2025-07-24,United States,South,Texas,Furniture,Desk,1,477.96,0.0,38.88
ORD00266,2025-03-19,United States,South,Texas,Furniture,Chair,7,2615.49,0.0,447.34
ORD00267,2023-12-14,United States,East,New Jersey,Office Supplies,Paper,3,89.71,0.3,1.94
ORD00268,2023-05-24,United States,South,Georgia,Technology,Printer,7,1697.65,0.0,229.85
ORD00269,2024-11-05,United States,Central,Minnesota,Office Supplies,Binder,5,221.42,0.0,71.85
ORD00270,2024-03-16,United States,Central,Colorado,Technology,Printer,5,1068.53,0.0,184.35
ORD00271,2024-07-29,United States,South,North Carolina,Furniture,Table,2,1290.03,0.1,133.79
ORD00272,2023-09-25,United States,East,Virginia,Technology,Accessories,6,702.2,0.05,249.36
ORD00273,2023-03-24,United States,Central,Ohio,Office Supplies,Storage,7,245.36,0.4,-8.4
ORD00274,2024-08-30,United States,Central,Ohio,Office Supplies,Binder,1,67.68,0.15,14.96
ORD00275,2025-05-08,United States,South,North Carolina,Technology,Laptop,5,4917.8,0.2,203.87
ORD00276,2024-10-25,United States,South,North Carolina,Office Supplies,Storage,6,536.41,0.05,101.56
ORD00277,2023-08-10,United States,East,New York,Office Supplies,Paper,8,291.61,0.2,9.6
ORD00278,2024-12-22,United States,South,Florida,Office Supplies,Storage,8,504.48,0.3,11.82
ORD00279,2024-02-03,United States,West,California,Technology,Phone,7,4788.22,0.2,678.34
ORD00280,2025-09-13,United States,West,Oregon,Technology,Printer,8,1154.91,0.0,200.67
ORD00281,2023-09-18,United States,East,New Jersey,Technology,Phone,1,885.48,0.0,226.92
ORD00282,2023-10-27,United States,Central,Minnesota,Technology,Laptop,6,5717.95,0.2,251.55
ORD00283,2023-06-26,United States,South,Georgia,Technology,Printer,6,1099.11,0.0,188.93
ORD00284,2023-05-05,United States,South,Florida,Technology,Laptop,8,8958.07,0.0,1797.37
ORD00285,2025-09-07,United States,South,North Carolina,Office Supplies,Binder,3,40.29,0.2,9.89
ORD00286,2024-09-02,United States,East,Massachusetts,Furniture,Desk,4,2229.83,0.0,238.15
ORD00287,2023-01-12,United States,East,Massachusetts,Office Supplies,Paper,2,73.33,0.1,8.65
ORD00288,2024-06-22,United States,Central,Colorado,Technology,Phone,1,528.81,0.3,4.88
ORD00289,2025-08-12,United States,South,Georgia,Office Supplies,Labels,7,166.85,0.1,32.1
ORD00290,2024-02-22,United States,South,Texas,Furniture,Chair,2,224.2,0.05,35.18
ORD00291,2024-01-18,United States,East,New York,Technology,Printer,8,1254.82,0.0,200.74
ORD00292,2023-08-06,United States,South,Texas,Furniture,Desk,4,1660.84,0.2,-16.82
ORD00293,2025-09-18,United States,West,Nevada,Office Supplies,Paper,7,280.25,0.1,41.17
ORD00294,2023-02-05,United States,East,New York,Office Supplies,Binder,2,60.25,0.3,6.61
ORD00295,2024-04-12,United States,West,Nevada,Furniture,Chair,6,3385.75,0.0,560.31
ORD00296,2024-11-26,United States,East,Massachusetts,Furniture,Bookcase,6,2305.06,0.2,191.02
ORD00297,2023-02-09,United States,West,California,Office Supplies,Paper,8,222.04,0.3,-5.42
ORD00298,2023-12-09,United States,South,North Carolina,Furniture,Desk,6,3199.89,0.0,557.49
ORD00299,2023-05-30,United States,West,Washington,Technology,Printer,5,1152.73,0.0,190.01
ORD00300,2024-04-15,United States,South,Florida,Furniture,Chair,7,2828.0,0.1,170.24
ORD00301,2025-02-07,United States,Central,Colorado,Technology,Phone,8,3834.44,0.3,246.23
ORD00302,2023-10-20,United States,West,Nevada,Office Supplies,Binder,8,478.93,0.15,101.45
ORD00303,2025-06-17,United States,Central,Illinois,Technology,Printer,7,2016.96,0.0,331.81
ORD00304,2025-09-04,United States,Central,Illinois,Furniture,Bookcase,7,2249.96,0.2,119.42
ORD00305,2023-07-04,United States,South,North Carolina,Furniture,Table,6,1025.59,0.5,-151.28
ORD00306,2025-10-28,United States,South,Florida,Technology,Printer,2,436.72,0.0,72.96
ORD00307,2025-06-13,United States,East,Virginia,Office Supplies,Labels,8,165.5,0.0,42.49
ORD00308,2023-04-27,United States,South,North Carolina,Technology,Accessories,5,655.15,0.0,217.18
ORD00309,2024-02-10,United States,South,Georgia,Office Supplies,Paper,6,159.27,0.3,-0.87
ORD00310,2024-02-29,United States,South,Georgia,Furniture,Table,5,1032.62,0.3,-55.57
ORD00311,2025-10-31,United States,Central,Minnesota,Technology,Laptop,4,4925.77,0.0,852.79
ORD00312,2024-08-06,United States,South,Georgia,Furniture,Chair,8,2927.93,0.2,177.82
ORD00313,2025-10-12,United States,Central,Colorado,Office Supplies,Binder,3,56.87,0.0,22.25
ORD00314,2023-10-13,United States,Central,Illinois,Technology,Printer,2,622.7,0.1,81.14
ORD00315,2024-01-30,United States,East,New York,Technology,Laptop,3,3913.13,0.0,851.65
ORD00316,2025-06-12,United States,South,Texas,Technology,Printer,6,946.53,0.4,-117.22
ORD00317,2024-06-05,United States,West,Nevada,Furniture,Desk,1,191.99,0.05,30.92
ORD00318,2024-12-01,United States,Central,Minnesota,Office Supplies,Labels,5,29.73,0.15,9.26
ORD00319,2023-06-04,United States,East,Virginia,Technology,Phone,3,2523.09,0.0,496.28
ORD00320,2023-06-30,United States,East,Virginia,Office Supplies,Labels,2,44.75,0.2,9.65
ORD00321,2025-02-22,United States,South,Florida,Office Supplies,Storage,5,221.77,0.05,47.27
ORD00322,2024-08-26,United States,East,New York,Technology,Laptop,4,4371.41,0.15,477.4
ORD00323,2023-11-10,United States,Central,Minnesota,Furniture,Chair,1,197.97,0.15,15.54
ORD00324,2023-09-10,United States,Central,Minnesota,Office Supplies,Storage,7,553.2,0.3,12.61
ORD00325,2023-12-27,United States,Central,Colorado,Technology,Phone,6,2054.18,0.0,410.13
ORD00326,2025-01-28,United States,East,New York,Furniture,Bookcase,6,764.41,0.4,-69.74
ORD00327,2025-06-05,United States,Central,Illinois,Technology,Phone,6,4443.99,0.0,926.29
ORD00328,2024-01-05,United States,Central,Ohio,Furniture,Chair,6,2730.51,,279.96
ORD00329,2025-10-15,United States,West,Washington,Furniture,Bookcase,3,1006.83,0.2,56.23
ORD00330,2023-06-26,United States,Central,Ohio,Office Supplies,Storage,5,176.25,0.2,18.01
ORD00331,2024-10-10,United States,Central,Illinois,Furniture,Table,7,3489.56,0.4,-340.19
ORD00332,2024-10-27,United States,East,New York,Furniture,Table,5,1736.18,0.0,275.26
ORD00333,2024-05-13,United States,Central,Minnesota,Technology,Accessories,8,978.83,0.3,109.93
ORD00334,2024-11-07,United States,South,Florida,Office Supplies,Binder,8,228.08,0.2,23.92
ORD00335,2023-01-22,United States,South,Florida,Furniture,Desk,2,1645.63,0.0,254.62
ORD00336,2024-11-29,United States,West,Oregon,Furniture,Table,8,2922.03,0.5,-547.43
ORD00337,2024-02-02,United States,West,California,Technology,Printer,6,2069.89,0.1,217.36
ORD00338,2025-09-18,United States,Central,Minnesota,Office Supplies,Storage,2,335.26,0.0,89.31
ORD00339,2025-06-11,United States,East,Massachusetts,Office Supplies,Labels,4,16.47,0.3,8.37
ORD00340,2024-06-05,United States,Central,Colorado,Furniture,Desk,5,790.25,0.2,4.54
ORD00341,2024-12-22,United States,Central,Minnesota,Office Supplies,Paper,2,59.23,0.05,7.82
ORD00342,2024-08-20,United States,East,New York,Furniture,Bookcase,4,1815.31,0.0,402.33
ORD00343,2023-04-06,United States,East,Massachusetts,Technology,Laptop,1,765.36,0.3,-21.94
ORD00344,2024-12-17,United States,East,Massachusetts,Furniture,Desk,2,1385.9,0.1,133.73
ORD00345,2023-08-31,United States,Central,Colorado,Furniture,Bookcase,5,751.13,0.15,79.7
ORD00346,2024-10-29,United States,East,New Jersey,Technology,Printer,7,1488.38,0.1,95.63
ORD00347,2023-11-16,United States,Central,Colorado,Office Supplies,Paper,8,267.94,0.0,54.16
ORD00348,2023-03-27,United States,East,New York,Technology,Printer,2,769.93,0.0,110.28
ORD00349,2023-07-09,United States,Central,Ohio,Office Supplies,Paper,1,9.12,0.4,0.07
ORD00350,2023-01-18,United States,West,Oregon,Furniture,Desk,3,976.78,0.4,-165.19
ORD00351,2025-06-20,United States,West,Nevada,Office Supplies,Paper,3,72.69,0.1,9.03
ORD00352,2024-10-24,United States,Central,Colorado,Office Supplies,Storage,7,99.84,0.15,10.47
ORD00353,2023-08-08,United States,Central,Minnesota,Furniture,Table,3,1810.09,0.2,-27.11
ORD00354,2024-04-26,United States,East,Virginia,Technology,Phone,3,2233.61,0.1,335.88
ORD00355,2024-04-26,United States,South,Texas,Furniture,Bookcase,7,2190.65,0.0,409.74
ORD00356,2025-11-04,United States,Central,Colorado,Office Supplies,Storage,6,541.75,0.1,84.56
ORD00357,2023-04-22,United States,South,Florida,Office Supplies,Binder,2,148.07,0.0,46.04
ORD00358,2025-10-10,United States,South,Texas,Office Supplies,Binder,5,151.63,0.0,46.34
ORD00359,2025-06-29,United States,Central,Ohio,Technology,Printer,7,2406.05,0.1,289.73
ORD00360,2024-01-19,United States,South,Florida,Technology,Laptop,6,5917.12,0.05,955.96
ORD00361,2025-05-17,United States,East,New York,Office Supplies,Paper,4,150.85,0.0,32.61
ORD00362,2025-07-06,United States,East,Virginia,Office Supplies,Paper,1,48.4,0.0,8.85
ORD00363,2025-05-29,United States,East,New York,Technology,Accessories,8,1081.38,0.2,210.29
ORD00364,2023-04-01,United States,Central,Colorado,Technology,Printer,8,1456.47,0.3,-71.28
ORD00365,2023-11-12,United States,Central,Minnesota,Technology,Printer,1,153.9,0.0,22.54
ORD00366,2025-11-19,United States,West,Oregon,Technology,Accessories,7,312.74,0.15,85.36
ORD00367,2025-11-17,United States,West,Oregon,Furniture,Bookcase,1,615.48,0.1,65.94
ORD00368,2024-12-18,United States,South,Texas,Technology,Phone,7,2374.01,0.1,385.76
ORD00369,2024-03-09,United States,West,Nevada,Office Supplies,Paper,6,240.09,0.0,51.64
ORD00370,2024-05-21,United States,West,Nevada,Furniture,Bookcase,8,1656.59,0.05,258.83
ORD00371,2024-02-22,United States,South,Georgia,Furniture,Table,3,1158.04,0.4,-128.52
ORD00372,2025-08-08,United States,South,Florida,Furniture,Bookcase,4,767.24,0.4,-69.16
ORD00373,2023-08-26,United States,South,Florida,Furniture,Table,2,627.52,0.0,109.09
ORD00374,2025-07-06,United States,East,Massachusetts,Furniture,Desk,2,652.51,0.1,64.65
ORD00375,2024-03-18,United States,East,Massachusetts,Technology,Laptop,4,3396.97,0.2,90.51
ORD00376,2023-04-30,United States,West,Washington,Furniture,Table,8,3643.23,0.4,-446.27
ORD00377,2023-05-03,United States,Central,Minnesota,Furniture,Desk,7,576.1,0.2,3.2
ORD00378,2025-08-15,United States,Central,Colorado,Technology,Phone,7,3193.72,0.05,568.92
ORD00379,2023-07-09,United States,West,Oregon,Furniture,Desk,2,499.24,0.2,14.08
ORD00380,2023-02-28,United States,South,North Carolina,Furniture,Chair,4,569.36,0.0,99.6
ORD00381,2025-04-19,United States,West,Washington,Technology,Accessories,6,282.24,0.0,98.03
ORD00382,2025-06-24,United States,South,Florida,Office Supplies,Labels,4,59.02,0.3,4.71
ORD00383,2023-10-26,United States,South,North Carolina,Furniture,Table,6,3882.23,0.0,664.16
ORD00384,2024-03-17,United States,West,Oregon,Furniture,Desk,7,3617.43,0.0,504.49
ORD00385,2024-09-10,United States,South,Florida,Technology,Accessories,3,200.34,0.0,86.09
ORD00386,2023-07-01,United States,West,Washington,Office Supplies,Paper,3,67.36,0.0,7.41
ORD00387,2024-06-06,United States,South,Florida,Furniture,Bookcase,6,1147.07,0.3,-61.44
ORD00388,2023-04-12,United States,West,Washington,Office Supplies,Storage,6,593.22,0.15,55.95
ORD00389,2024-11-20,United States,East,Virginia,Office Supplies,Labels,4,49.78,0.2,9.53
ORD00390,2024-07-29,United States,West,Nevada,Technology,Laptop,7,7461.31,0.1,1022.7
ORD00391,2025-01-29,United States,West,Washington,Technology,Printer,5,889.69,0.3,-21.91
ORD00392,2025-01-31,United States,South,Florida,Furniture,Bookcase,7,1897.44,0.3,-22.21
ORD00393,2024-04-07,United States,East,Massachusetts,Technology,Printer,6,1104.6,0.4,-120.95
ORD00394,2023-06-17,United States,East,Virginia,Furniture,Desk,8,3906.68,0.0,472.51
ORD00395,2025-06-11,United States,Central,Colorado,Technology,Accessories,6,970.21,0.0,321.88
ORD00396,2023-08-26,United States,South,Texas,Technology,Phone,6,2503.93,0.05,586.95
ORD00397,2024-03-10,United States,Central,Ohio,Technology,Printer,5,689.98,0.0,125.63
ORD00398,2023-07-21,United States,West,California,Office Supplies,Storage,8,191.97,0.15,24.56
ORD00399,2025-08-31,United States,South,North Carolina,Office Supplies,Storage,6,509.8,0.0,124.08
ORD00400,2025-05-11,United States,West,California,Furniture,Desk,5,569.9,0.3,-40.41
ORD00401,2025-06-16,United States,Central,Ohio,Office Supplies,Binder,1,48.04,0.15,10.2
ORD00402,2025-04-10,United States,South,North Carolina,Office Supplies,Storage,8,225.72,0.0,58.81
ORD00403,2024-12-10,United States,South,Texas,Office Supplies,Storage,8,329.63,0.0,69.89
ORD00404,2024-06-11,United States,Central,Minnesota,Technology,Phone,6,4183.73,0.0,798.6
ORD00405,2024-03-17,United States,Central,Minnesota,Technology,Phone,7,3447.13,0.2,379.66
ORD00406,2024-12-11,United States,West,Nevada,Furniture,Bookcase,2,1243.78,0.1,199.25
ORD00407,2023-06-23,United States,South,Florida,Office Supplies,Binder,2,33.25,0.2,-2.36
ORD00408,2024-03-21,United States,Central,Ohio,Technology,Printer,3,337.16,0.2,11.95
ORD00409,2024-01-22,United States,South,Florida,Office Supplies,Binder,7,504.07,0.05,122.99
ORD00410,2024-04-15,United States,West,California,Furniture,Bookcase,6,2448.4,0.4,-221.19
ORD00411,2023-12-14,United States,South,Georgia,Furniture,Table,1,814.94,0.1,72.6
ORD00412,2025-12-22,United States,South,Georgia,Office Supplies,Paper,1,11.91,0.0,1.2
ORD00413,2023-11-27,United States,Central,Colorado,Technology,Laptop,5,6660.43,0.0,1318.37
ORD00414,2023-11-24,United States,South,North Carolina,Technology,Phone,8,2956.58,0.0,565.64
ORD00415,2025-03-27,United States,East,New York,Office Supplies,Paper,1,31.38,0.15,-0.51
ORD00416,2025-11-09,United States,Central,Illinois,Office Supplies,Labels,4,42.85,0.3,2.24
ORD00417,2023-09-01,United States,West,Nevada,Furniture,Table,6,4702.29,0.15,244.71
ORD00418,2023-12-12,United States,South,Florida,Furniture,Chair,1,429.84,0.0,83.42
ORD00419,2024-02-08,United States,East,Virginia,Technology,Printer,1,167.53,0.2,5.69
ORD00420,2023-10-17,United States,East,New Jersey,Technology,Phone,2,1524.99,0.15,154.07
ORD00421,2025-07-07,United States,South,North Carolina,Office Supplies,Labels,5,58.81,0.4,3.41
ORD00422,2024-06-17,United States,Central,Minnesota,Office Supplies,Storage,1,107.93,0.05,18.92
ORD00423,2023-04-22,United States,West,Washington,Furniture,Chair,4,1286.7,0.05,242.0
ORD00424,2024-01-29,United States,East,New Jersey,Furniture,Bookcase,3,1560.93,0.15,162.79
ORD00425,2024-06-27,United States,South,Georgia,Technology,Phone,6,3223.06,0.0,733.27
ORD00426,2023-09-14,United States,Central,Colorado,Office Supplies,Storage,7,665.7,0.1,132.95
ORD00427,2025-04-24,United States,West,Nevada,Technology,Accessories,8,567.27,0.1,134.92
ORD00428,2025-11-03,United States,South,Florida,Furniture,Desk,1,267.2,0.1,16.67
ORD00429,2023-06-07,United States,South,Florida,Furniture,Desk,2,838.7,,-101.25
ORD00430,2023-07-17,United States,West,California,Furniture,Table,1,94.28,0.3,2.49
ORD00431,2023-08-24,United States,South,Texas,Technology,Accessories,2,151.11,0.1,41.96
ORD00432,2024-02-06,United States,East,New York,Office Supplies,Labels,7,125.34,0.2,16.87
ORD00433,2024-05-30,United States,South,Georgia,Furniture,Table,7,3906.73,0.1,365.6
ORD00434,2024-02-18,United States,Central,Colorado,Office Supplies,Storage,3,91.12,0.2,13.83
ORD00435,2025-01-05,United States,East,New Jersey,Office Supplies,Binder,1,59.76,0.1,10.48
ORD00436,2024-04-04,United States,Central,Colorado,Technology,Laptop,5,5624.17,0.0,1170.06
ORD00437,2024-02-05,United States,East,Massachusetts,Technology,Accessories,4,584.27,0.0,200.88
ORD00438,2025-06-06,United States,West,Oregon,Office Supplies,Labels,2,12.35,0.4,-1.94
ORD00439,2024-11-15,United States,West,Oregon,Office Supplies,Binder,1,38.51,0.1,13.45
ORD00440,2025-05-02,United States,East,Massachusetts,Office Supplies,Storage,6,284.21,0.0,81.19
ORD00441,2023-10-22,United States,South,North Carolina,Technology,Printer,8,2154.65,0.2,76.95
ORD00442,2023-02-25,United States,Central,Illinois,Furniture,Desk,6,767.31,0.0,120.08
ORD00443,2024-06-07,United States,Central,Colorado,Technology,Laptop,6,7370.35,0.0,1386.82
ORD00444,2025-07-17,United States,South,Georgia,Office Supplies,Labels,6,51.17,0.2,3.31
ORD00445,2025-04-13,United States,East,New York,Technology,Phone,7,2239.02,0.15,242.37
ORD00446,2024-03-02,United States,West,Oregon,Office Supplies,Paper,6,76.06,0.15,7.87
ORD00447,2023-11-18,United States,West,Oregon,Technology,Laptop,1,570.98,0.4,-50.87
ORD00448,2024-09-24,United States,Central,Ohio,Furniture,Desk,1,449.06,0.3,-19.72
ORD00449,2023-04-30,United States,South,Florida,Office Supplies,Labels,6,120.87,0.0,35.8
ORD00450,2025-09-05,United States,West,Oregon,Furniture,Table,2,271.02,0.0,50.43
ORD00451,2023-01-29,United States,East,Massachusetts,Technology,Laptop,2,1082.51,0.4,-134.12
ORD00452,2025-05-26,United States,East,New York,Technology,Phone,4,2142.74,0.15,207.25
ORD00453,2025-01-04,United States,Central,Colorado,Office Supplies,Labels,2,24.24,0.05,-0.56
ORD00454,2023-11-28,United States,East,Virginia,Office Supplies,Paper,6,238.61,0.0,50.89
ORD00455,2025-05-31,United States,East,Virginia,Office Supplies,Binder,8,208.02,0.1,48.41
ORD00456,2025-02-13,United States,South,North Carolina,Office Supplies,Binder,7,145.3,0.1,31.87
ORD00457,2025-02-02,United States,West,Washington,Technology,Printer,5,1062.63,0.0,155.08
ORD00458,2024-04-21,United States,Central,Colorado,Furniture,Bookcase,7,2727.69,0.1,436.88
ORD00459,2023-08-17,United States,Central,Ohio,Furniture,Bookcase,6,900.28,0.3,-8.38
ORD00460,2023-11-19,United States,Central,Illinois,Technology,Accessories,2,225.56,0.1,60.47
ORD00461,2023-01-28,United States,Central,Illinois,Technology,Accessories,3,283.36,0.3,64.28
ORD00462,2025-07-08,United States,East,New York,Technology,Accessories,5,470.72,0.1,107.22
ORD00463,2024-10-02,United States,Central,Ohio,Office Supplies,Binder,5,371.6,0.0,116.51
ORD00464,2023-11-11,United States,East,New York,Furniture,Bookcase,3,473.05,0.0,97.91
ORD00465,2024-05-25,United States,Central,Ohio,Technology,Laptop,6,4396.85,0.2,153.91
ORD00466,2023-01-12,United States,East,New York,Furniture,Chair,7,341.25,0.4,-22.14
ORD00467,2024-01-15,United States,Central,Ohio,Office Supplies,Paper,4,94.97,0.3,-0.28
ORD00468,2025-09-16,United States,West,Nevada,Technology,Accessories,1,199.06,0.0,71.56
ORD00469,2025-06-02,United States,West,Oregon,Office Supplies,Storage,4,321.06,0.5,-40.35
ORD00470,2023-07-06,United States,East,New York,Office Supplies,Paper,6,108.94,0.0,24.76
ORD00471,2025-08-21,United States,South,Texas,Office Supplies,Paper,5,113.14,0.1,14.01
ORD00472,2025-10-26,United States,West,Oregon,Technology,Printer,8,2280.01,0.0,359.57
ORD00473,2023-06-10,United States,East,Virginia,Technology,Accessories,8,505.77,0.0,173.79
ORD00474,2023-06-11,United States,South,Georgia,Furniture,Chair,8,755.36,0.5,
ORD00475,2023-08-09,United States,West,Washington,Furniture,Table,5,1133.81,0.3,-67.11
ORD00476,2025-06-24,United States,South,Georgia,Furniture,Desk,2,1696.27,0.0,155.44
ORD00477,2025-05-03,United States,South,Texas,Office Supplies,Labels,4,41.75,0.3,0.26
ORD00478,2024-06-23,United States,Central,Colorado,Office Supplies,Paper,5,32.77,0.4,2.11
ORD00479,2025-08-13,United States,East,New York,Technology,Phone,8,3994.95,0.0,1136.16
ORD00480,2025-05-16,United States,Central,Illinois,Office Supplies,Paper,1,42.16,0.15,-2.72
ORD00481,2023-11-05,United States,South,Texas,Technology,Accessories,4,572.82,0.0,197.03
ORD00482,2024-02-18,United States,Central,Ohio,Office Supplies,Paper,8,232.92,0.0,40.74
ORD00483,2024-05-26,United States,Central,Colorado,Office Supplies,Storage,7,236.62,0.1,44.55
ORD00484,2023-09-15,United States,South,Texas,Furniture,Table,8,5866.02,0.0,1207.55
ORD00485,2023-08-23,United States,West,Oregon,Office Supplies,Labels,4,23.88,0.0,6.33
ORD00486,2024-10-25,United States,Central,Minnesota,Office Supplies,Storage,1,40.5,0.1,8.45
ORD00487,2024-07-12,United States,Central,Colorado,Furniture,Table,5,2220.89,0.0,383.43
ORD00488,2024-09-20,United States,Central,Illinois,Technology,Printer,6,1990.46,0.0,292.73
ORD00489,2025-12-03,United States,South,Georgia,Office Supplies,Labels,8,80.08,0.1,14.54
ORD00490,2025-09-14,United States,East,New Jersey,Office Supplies,Paper,1,20.18,0.0,2.87
ORD00491,2023-12-01,United States,Central,Colorado,Technology,Laptop,6,4729.14,0.2,368.08
ORD00492,2025-01-01,United States,Central,Ohio,Furniture,Desk,7,577.89,0.2,-2.74
ORD00493,2024-04-27,United States,West,Nevada,Office Supplies,Paper,1,11.0,0.2,1.33
ORD00494,2024-09-19,United States,West,Nevada,Technology,Printer,1,176.55,0.2,2.66
ORD00495,2025-01-26,United States,West,Nevada,Technology,Accessories,4,516.58,0.0,163.14
ORD00496,2025-01-18,United States,South,Florida,Office Supplies,Binder,6,274.62,0.2,36.42
ORD00497,2023-11-23,United States,East,Massachusetts,Office Supplies,Paper,6,147.06,0.5,-19.81
ORD00498,2023-07-25,United States,East,Virginia,Technology,Laptop,5,6223.29,0.0,1229.8
ORD00499,2023-11-08,United States,East,Virginia,Technology,Printer,6,1380.66,0.2,20.08
ORD00500,2025-06-12,United States,South,North Carolina,Technology,Accessories,2,231.82,0.15,49.82
ORD00501,2023-02-23,United States,Central,Minnesota,Technology,Printer,2,196.05,0.3,-3.22
ORD00502,2024-08-20,United States,West,California,Furniture,Table,8,3967.41,0.3,-217.53
ORD00503,2023-07-20,United States,East,New York,Furniture,Bookcase,6,2703.42,0.0,456.3
ORD00504,2023-08-30,United States,South,Florida,Office Supplies,Paper,8,193.36,0.4,-17.06
ORD00505,2024-03-01,United States,West,Washington,Furniture,Desk,7,6198.86,0.0,987.28
ORD00506,2024-10-18,United States,East,New York,Technology,Printer,4,439.79,0.4,-61.7
ORD00507,2023-06-30,United States,South,Florida,Technology,Printer,2,367.09,0.0,74.35
ORD00508,2023-07-02,United States,South,North Carolina,Office Supplies,Labels,8,154.24,0.0,46.16
ORD00509,2025-04-21,United States,East,New York,Technology,Accessories,8,1131.5,0.2,259.39
ORD00510,2023-01-12,United States,South,Georgia,Furniture,Chair,6,786.66,0.0,135.71
ORD00511,2024-11-01,United States,East,Virginia,Office Supplies,Storage,5,766.9,0.1,143.05
ORD00512,2025-05-20,United States,Central,Ohio,Office Supplies,Labels,5,137.65,0.0,36.91
ORD00513,2024-04-12,United States,South,Georgia,Office Supplies,Labels,5,23.01,0.15,7.58
ORD00514,2024-11-24,United States,West,California,Furniture,Table,1,510.66,0.1,49.16
ORD00515,2023-07-03,United States,South,North Carolina,Furniture,Desk,5,3485.12,0.1,329.11
ORD00516,2025-05-15,United States,East,Massachusetts,Furniture,Bookcase,8,1454.83,0.1,205.45
ORD00517,2023-07-25,United States,East,New York,Furniture,Desk,1,567.25,0.0,92.79
ORD00518,2025-05-23,United States,East,New Jersey,Technology,Laptop,8,8871.65,0.0,1721.53
ORD00519,2024-08-23,United States,West,Oregon,Office Supplies,Labels,8,110.22,0.0,29.04
ORD00520,2025-03-20,United States,Central,Colorado,Technology,Printer,8,2392.2,0.0,340.62
ORD00521,2024-06-10,United States,West,Nevada,Technology,Laptop,6,6263.53,0.0,1090.5
ORD00522,2025-11-14,United States,South,Florida,Office Supplies,Paper,8,161.72,0.05,28.32
ORD00523,2024-04-29,United States,South,Texas,Technology,Printer,2,261.77,0.1,28.04
ORD00524,2025-08-04,United States,East,New York,Office Supplies,Binder,3,123.84,0.0,33.69
ORD00525,2023-09-29,United States,South,North Carolina,Furniture,Bookcase,1,345.86,0.0,61.99
ORD00526,2023-02-23,United States,South,North Carolina,Technology,Laptop,8,10023.38,0.05,1648.23
ORD00527,2024-01-17,United States,South,Georgia,Furniture,Chair,4,1550.63,0.1,202.3
ORD00528,2024-02-24,United States,South,Florida,Office Supplies,Binder,5,200.67,0.0,60.35
ORD00529,2024-04-25,United States,West,Nevada,Office Supplies,Binder,6,183.65,0.0,58.91
ORD00530,2023-11-30,United States,Central,Ohio,Technology,Accessories,7,622.21,0.15,158.22
ORD00531,2023-08-14,United States,South,Texas,Furniture,Chair,3,416.53,0.0,66.18
ORD00532,2024-09-22,United States,Central,Colorado,Technology,Laptop,4,3843.44,0.1,323.8
ORD00533,2024-12-18,United States,South,Florida,Office Supplies,Storage,4,311.56,0.15,47.18
ORD00534,2025-11-14,United States,Central,Colorado,Furniture,Chair,1,355.93,0.0,47.75
ORD00535,2025-09-06,United States,West,Washington,Office Supplies,Storage,3,373.56,0.0,103.48
ORD00536,2024-09-22,United States,South,Texas,Furniture,Chair,5,2331.28,0.05,492.06
ORD00537,2025-03-15,United States,East,New Jersey,Office Supplies,Storage,2,33.69,0.3,0.13
ORD00538,2023-03-11,United States,East,Virginia,Furniture,Bookcase,5,1022.81,0.1,170.58
ORD00539,2023-11-30,United States,South,Georgia,Technology,Accessories,3,262.48,0.1,74.67
ORD00540,2023-06-01,United States,South,Texas,Office Supplies,Labels,1,26.67,0.0,6.19
ORD00541,2025-04-07,United States,East,Massachusetts,Furniture,Desk,3,2603.95,0.0,432.06
ORD00542,2023-02-10,United States,East,Massachusetts,Office Supplies,Paper,2,96.92,0.0,24.05
ORD00543,2025-08-08,United States,West,Nevada,Furniture,Bookcase,4,2025.43,0.05,320.79
ORD00544,2024-09-29,United States,East,Massachusetts,Furniture,Desk,3,1211.02,0.1,111.75
ORD00545,2023-03-28,United States,Central,Minnesota,Office Supplies,Labels,8,114.34,0.1,26.8
ORD00546,2024-10-29,United States,West,Oregon,Office Supplies,Storage,6,661.19,0.1,115.71
ORD00547,2023-04-13,United States,West,Nevada,Technology,Printer,1,230.01,0.1,21.95
ORD00548,2025-03-28,United States,East,Massachusetts,Technology,Phone,6,2646.03,0.3,66.37
ORD00549,2025-04-11,United States,East,New Jersey,Technology,Phone,4,3596.44,0.0,765.47
ORD00550,2025-08-14,United States,East,Virginia,Office Supplies,Paper,6,111.81,0.15,9.32
ORD00551,2025-01-31,United States,Central,Colorado,Technology,Printer,1,147.79,0.0,25.28
ORD00552,2025-05-10,United States,West,Oregon,Technology,Laptop,3,2755.04,0.1,329.35
ORD00553,2025-07-08,United States,West,California,Office Supplies,Binder,2,74.19,0.1,17.08
ORD00554,2023-07-10,United States,Central,Colorado,Technology,Phone,2,625.59,0.0,171.92
ORD00555,2024-08-14,United States,West,Oregon,Furniture,Chair,5,558.36,0.4,-39.08
ORD00556,2023-01-05,United States,Central,Ohio,Technology,Laptop,1,1176.31,0.0,203.98
ORD00557,2025-10-18,United States,West,California,Office Supplies,Labels,8,137.67,0.0,34.2
ORD00558,2023-03-22,United States,South,North Carolina,Furniture,Desk,6,4574.35,0.0,635.37
ORD00559,2025-05-10,United States,South,Florida,Office Supplies,Paper,3,133.66,0.0,25.71
ORD00560,2024-08-08,United States,East,Virginia,Furniture,Table,1,566.73,0.0,86.93
ORD00561,2025-12-10,United States,South,Georgia,Office Supplies,Binder,1,55.77,0.15,7.84
ORD00562,2024-03-04,United States,West,California,Furniture,Desk,8,4434.34,0.0,454.4
ORD00563,2023-02-18,United States,West,California,Technology,Phone,1,201.03,0.4,-12.12
ORD00564,2025-06-23,United States,Central,Illinois,Furniture,Desk,1,294.56,0.5,-58.55
ORD00565,2023-09-02,United States,West,Nevada,Office Supplies,Paper,1,43.76,0.1,7.27
ORD00566,2025-11-14,United States,South,North Carolina,Technology,Laptop,5,4937.16,0.05,850.13
ORD00567,2023-11-10,United States,East,New Jersey,Furniture,Chair,6,390.24,0.15,36.39
ORD00568,2023-08-07,United States,South,Georgia,Technology,Laptop,2,2268.11,0.0,374.53
ORD00569,2024-03-09,United States,West,Nevada,Office Supplies,Labels,1,5.62,0.3,0.46
ORD00570,2024-11-27,United States,East,Virginia,Office Supplies,Paper,5,91.15,0.0,21.5
ORD00571,2023-09-04,United States,Central,Minnesota,Office Supplies,Binder,1,72.25,0.0,19.31
ORD00572,2024-01-06,United States,South,Georgia,Furniture,Chair,7,2891.89,0.0,486.74
ORD00573,2025-06-03,United States,East,New York,Furniture,Chair,4,1968.79,0.05,247.0
ORD00574,2025-06-12,United States,East,Massachusetts,Office Supplies,Storage,6,653.46,0.2,65.07
ORD00575,2023-06-24,United States,Central,Colorado,Office Supplies,Storage,3,215.62,0.05,49.46
ORD00576,2024-03-13,United States,East,Massachusetts,Technology,Phone,5,2621.97,0.3,-30.02
ORD00577,2025-07-30,United States,East,Virginia,Furniture,Table,8,2046.95,0.15,30.55
ORD00578,2024-05-11,United States,South,Texas,Office Supplies,Paper,6,57.96,0.15,7.57
ORD00579,2023-04-24,United States,South,Georgia,Furniture,Desk,3,363.42,0.0,69.8
ORD00580,2024-06-30,United States,Central,Ohio,Technology,Accessories,3,416.82,,146.53
ORD00581,2023-08-01,United States,Central,Colorado,Technology,Laptop,7,8765.94,0.0,1389.93
ORD00582,2023-08-18,United States,East,New Jersey,Technology,Phone,4,2253.72,0.0,541.43
ORD00583,2025-05-29,United States,East,Massachusetts,Furniture,Chair,2,461.92,0.4,-67.3
ORD00584,2025-11-16,United States,East,New Jersey,Office Supplies,Labels,1,8.33,0.3,3.06
ORD00585,2023-02-04,United States,South,North Carolina,Furniture,Desk,4,2137.7,0.3,-143.98
ORD00586,2025-10-10,United States,West,Oregon,Technology,Laptop,8,8863.11,0.15,986.91
ORD00587,2024-12-28,United States,Central,Colorado,Office Supplies,Paper,2,33.76,0.1,5.86
ORD00588,2024-02-07,United States,East,New York,Technology,Printer,5,828.41,0.0,125.46
ORD00589,2025-05-17,United States,East,New Jersey,Furniture,Desk,1,122.02,0.2,0.48
ORD00590,2025-08-27,United States,Central,Ohio,Office Supplies,Storage,8,558.0,0.0,153.02
ORD00591,2024-07-09,United States,Central,Ohio,Technology,Printer,4,991.68,0.05,129.52
ORD00592,2024-12-28,United States,East,Massachusetts,Office Supplies,Labels,1,21.81,0.2,0.18
ORD00593,2023-12-29,United States,West,Washington,Office Supplies,Binder,5,64.13,0.0,21.25
ORD00594,2024-11-25,United States,West,Nevada,Furniture,Desk,6,1395.63,0.0,207.21
ORD00595,2025-10-25,United States,South,Georgia,Technology,Laptop,1,1020.5,0.2,25.9
ORD00596,2025-08-11,United States,Central,Colorado,Technology,Laptop,6,7457.26,0.0,1575.99
ORD00597,2025-03-01,United States,West,Washington,Furniture,Chair,7,3968.99,0.0,791.25
ORD00598,2024-10-27,United States,East,New York,Technology,Printer,4,911.93,0.1,93.07
ORD00599,2025-01-11,United States,Central,Illinois,Furniture,Desk,2,1526.34,0.15,18.43
ORD00600,2025-09-23,United States,South,Georgia,Office Supplies,Binder,6,212.02,0.1,56.94
ORD00601,2023-06-23,United States,West,California,Technology,Laptop,1,713.29,0.4,-57.86
ORD00602,2025-04-19,United States,East,Massachusetts,Furniture,Table,5,2364.38,0.0,459.36
ORD00603,2024-12-15,United States,West,Oregon,Furniture,Table,8,2492.79,0.05,387.5
ORD00604,2023-01-02,United States,South,North Carolina,Office Supplies,Labels,4,94.56,0.05,18.81
ORD00605,2024-09-09,United States,South,Georgia,Office Supplies,Paper,1,18.48,0.4,-4.04
ORD00606,2023-09-10,United States,Central,Minnesota,Technology,Laptop,8,9704.18,,1396.84
ORD00607,2025-07-21,United States,Central,Colorado,Office Supplies,Binder,8,273.43,0.0,96.11
ORD00608,2023-01-05,United States,Central,Minnesota,Technology,Printer,2,276.39,0.15,9.3
ORD00609,2025-11-22,United States,West,Oregon,Furniture,Table,2,669.24,0.4,-60.57
ORD00610,2025-02-16,United States,Central,Illinois,Furniture,Chair,5,2221.28,0.0,421.7
ORD00611,2024-04-17,United States,Central,Ohio,Technology,Printer,3,380.21,0.1,39.05
ORD00612,2024-07-17,United States,South,North Carolina,Furniture,Bookcase,2,226.03,0.0,39.22
ORD00613,2025-03-29,United States,West,Washington,Furniture,Bookcase,8,3293.46,0.3,45.14
ORD00614,2023-08-24,United States,East,Virginia,Furniture,Table,3,1926.92,0.1,122.62
ORD00615,2025-05-03,United States,East,New York,Office Supplies,Paper,6,152.49,0.15,3.67
ORD00616,2023-08-08,United States,West,Washington,Technology,Printer,1,154.03,0.3,-4.72
ORD00617,2024-01-15,United States,West,California,Technology,Accessories,8,614.27,0.15,163.18
ORD00618,2025-01-15,United States,Central,Colorado,Furniture,Bookcase,2,1035.23,0.0,229.96
ORD00619,2025-01-30,United States,West,California,Technology,Accessories,3,549.01,0.0,181.42
ORD00620,2023-02-24,United States,East,Virginia,Technology,Accessories,7,724.57,0.0,231.51
ORD00621,2024-06-02,United States,Central,Ohio,Furniture,Chair,1,553.5,0.0,105.04
ORD00622,2025-01-01,United States,South,Florida,Technology,Accessories,6,90.94,0.1,21.25
ORD00623,2023-04-22,United States,Central,Minnesota,Office Supplies,Paper,1,37.54,0.0,8.04
ORD00624,2023-04-25,United States,South,Texas,Technology,Phone,2,847.19,0.15,98.39
ORD00625,2023-07-12,United States,Central,Minnesota,Office Supplies,Binder,8,84.11,0.15,16.42
ORD00626,2024-07-17,United States,West,California,Office Supplies,Storage,4,54.12,0.15,11.93
ORD00627,2024-05-04,United States,South,Texas,Furniture,Bookcase,2,1191.86,0.0,210.67
ORD00628,2024-02-08,United States,Central,Illinois,Office Supplies,Paper,1,37.54,0.0,12.27
ORD00629,2023-12-23,United States,South,Texas,Office Supplies,Paper,1,31.52,0.2,-0.65
ORD00630,2025-10-02,United States,South,Texas,Furniture,Table,5,491.57,0.5,-75.6
ORD00631,2024-07-21,United States,East,Massachusetts,Furniture,Desk,6,4663.47,0.1,346.81
ORD00632,2025-04-20,United States,West,Nevada,Furniture,Bookcase,7,1460.25,0.05,241.98
ORD00633,2024-05-09,United States,Central,Ohio,Office Supplies,Paper,7,304.61,0.1,36.39
ORD00634,2025-06-09,United States,Central,Colorado,Technology,Laptop,4,2739.07,0.4,-215.42
ORD00635,2025-04-19,United States,East,New Jersey,Technology,Laptop,2,2184.43,0.0,420.4
ORD00636,2023-02-12,United States,East,Virginia,Office Supplies,Binder,2,62.57,0.0,22.4
ORD00637,2024-10-18,United States,Central,Ohio,Technology,Phone,2,801.1,0.2,61.39
ORD00638,2024-07-10,United States,East,Massachusetts,Office Supplies,Storage,4,117.08,0.4,-4.61
ORD00639,2023-08-29,United States,South,Florida,Technology,Phone,8,4426.29,0.0,777.46
ORD00640,2024-05-29,United States,East,New York,Office Supplies,Binder,3,77.54,0.2,12.39
ORD00641,2025-10-23,United States,Central,Ohio,Furniture,Desk,5,3676.68,0.0,493.55
ORD00642,2023-03-30,United States,West,California,Furniture,Desk,8,2480.21,0.05,359.13
ORD00643,2024-03-12,United States,East,New York,Furniture,Table,4,654.93,0.3,4.85
ORD00644,2025-12-09,United States,Central,Illinois,Technology,Printer,3,323.37,0.4,-61.68
ORD00645,2023-05-30,United States,West,California,Technology,Printer,7,1008.92,0.15,46.96
ORD00646,2023-12-21,United States,South,Florida,Technology,Phone,8,7037.08,0.0,1658.53
ORD00647,2025-12-20,United States,Central,Minnesota,Technology,Accessories,3,199.87,0.5,-0.58
ORD00648,2024-01-27,United States,South,Georgia,Technology,Accessories,5,911.46,0.0,296.29
ORD00649,2023-03-27,United States,South,North Carolina,Office Supplies,Paper,1,10.87,0.0,2.01
ORD00650,2024-09-13,United States,South,Florida,Technology,Phone,4,1019.6,0.2,53.63
ORD00651,2023-09-20,United States,West,California,Technology,Accessories,8,897.27,0.0,303.33
ORD00652,2024-10-17,United States,Central,Ohio,Technology,Phone,2,640.78,0.2,64.29
ORD00653,2024-12-26,United States,Central,Colorado,Technology,Phone,6,2001.06,0.1,238.07
ORD00654,2023-01-02,United States,South,North Carolina,Furniture,Chair,4,466.38,0.4,-55.7
ORD00655,2024-12-28,United States,Central,Colorado,Technology,Laptop,6,7507.66,0.1,739.84
ORD00656,2024-12-25,United States,Central,Colorado,Technology,Laptop,7,8125.39,0.05,857.11
ORD00657,2024-10-10,United States,South,Florida,Furniture,Bookcase,1,549.67,0.0,95.39
ORD00658,2024-10-21,United States,West,California,Technology,Printer,6,1952.59,0.0,343.63
ORD00659,2025-09-24,United States,South,North Carolina,Furniture,Desk,1,826.18,0.0,129.16
ORD00660,2023-02-24,United States,South,Florida,Office Supplies,Binder,3,216.37,0.0,55.97
ORD00661,2025-11-09,United States,South,Florida,Technology,Printer,4,1146.25,0.2,-7.54
ORD00662,2025-05-13,United States,East,Massachusetts,Furniture,Bookcase,2,727.26,0.2,38.92
ORD00663,2025-11-09,United States,West,Oregon,Furniture,Table,3,1055.6,0.0,157.16
ORD00664,2023-06-21,United States,South,Texas,Technology,Phone,6,4985.43,0.0,1088.76
ORD00665,2025-09-07,United States,West,California,Office Supplies,Paper,6,162.83,0.0,31.45
ORD00666,2023-04-09,United States,West,Washington,Furniture,Chair,4,2008.26,0.0,337.97
ORD00667,2024-08-07,United States,South,North Carolina,Technology,Printer,6,955.84,0.2,22.91
ORD00668,2024-06-18,United States,South,Florida,Office Supplies,Labels,3,29.02,0.2,4.47
ORD00669,2025-05-07,United States,East,Massachusetts,Furniture,Chair,4,311.64,0.15,40.15
ORD00670,2024-09-18,United States,South,North Carolina,Technology,Printer,7,1569.72,0.1,80.62
ORD00671,2023-04-18,United States,Central,Illinois,Technology,Phone,8,3102.85,0.3,60.07
ORD00672,2025-12-26,United States,East,New Jersey,Technology,Printer,5,1598.67,0.2,34.6
ORD00673,2024-12-23,United States,West,California,Technology,Accessories,3,179.08,0.2,34.1
ORD00674,2024-06-07,United States,Central,Colorado,Office Supplies,Binder,1,13.19,0.4,2.06
ORD00675,2023-07-16,United States,South,Texas,Technology,Accessories,3,74.13,0.0,23.61
ORD00676,2025-12-30,United States,South,Texas,Furniture,Desk,7,2135.3,0.2,46.48
ORD00677,2024-02-26,United States,Central,Minnesota,Furniture,Chair,5,626.36,0.1,64.85
ORD00678,2025-08-13,United States,East,Massachusetts,Technology,Phone,3,1014.19,0.15,85.91
ORD00679,2023-11-28,United States,South,North Carolina,Office Supplies,Paper,4,51.88,0.0,13.94
ORD00680,2023-06-09,United States,Central,Illinois,Office Supplies,Labels,4,100.42,0.0,29.19
ORD00681,2025-05-26,United States,South,Georgia,Technology,Laptop,3,2617.1,0.3,-60.15
ORD00682,2024-07-04,United States,South,Texas,Technology,Phone,1,537.31,0.0,126.96
ORD00683,2025-06-27,United States,East,New Jersey,Furniture,Desk,1,105.51,0.0,12.44
ORD00684,2023-04-25,United States,South,Georgia,Technology,Phone,2,1552.88,,382.4
ORD00685,2023-01-24,United States,East,Virginia,Office Supplies,Labels,8,206.8,0.0,50.74
ORD00686,2023-03-26,United States,West,Oregon,Technology,Laptop,4,4272.49,0.0,680.55
ORD00687,2023-12-15,United States,South,North Carolina,Furniture,Desk,4,688.5,0.0,85.24
ORD00688,2023-06-27,United States,West,California,Office Supplies,Paper,7,152.62,0.1,21.59
ORD00689,2025-11-06,United States,East,Massachusetts,Office Supplies,Binder,6,331.46,0.1,69.29
ORD00690,2023-09-13,United States,West,California,Technology,Laptop,6,6633.79,0.05,1223.86
ORD00691,2023-12-09,United States,East,Massachusetts,Technology,Phone,6,2473.54,0.05,413.1
ORD00692,2024-09-27,United States,East,Massachusetts,Office Supplies,Binder,2,49.02,0.0,17.41
ORD00693,2025-03-10,United States,Central,Illinois,Office Supplies,Storage,5,415.2,0.1,69.12
ORD00694,2024-11-18,United States,East,New Jersey,Furniture,Chair,1,101.24,0.1,16.8
ORD00695,2023-03-15,United States,Central,Colorado,Furniture,Chair,2,909.1,0.1,116.72
ORD00696,2025-07-01,United States,West,Washington,Furniture,Bookcase,3,378.65,0.15,27.6
ORD00697,2025-11-20,United States,West,Nevada,Furniture,Bookcase,7,2702.78,0.0,524.63
ORD00698,2024-08-24,United States,East,New Jersey,Furniture,Desk,2,1491.45,0.1,135.28
ORD00699,2025-10-23,United States,East,Massachusetts,Technology,Accessories,8,309.13,0.3,35.05
ORD00700,2023-09-28,United States,West,Washington,Office Supplies,Storage,6,359.05,0.0,91.71
ORD00701,2024-01-03,United States,East,New York,Office Supplies,Storage,2,237.53,0.0,55.37
ORD00702,2023-01-19,United States,East,New York,Technology,Printer,7,1716.04,0.0,274.64
ORD00703,2023-10-05,United States,West,California,Technology,Phone,2,1356.53,0.2,112.7
ORD00704,2023-05-11,United States,East,New Jersey,Technology,Phone,6,4347.68,0.0,766.77
ORD00705,2023-04-04,United States,East,Virginia,Technology,Accessories,3,351.85,0.0,125.93
ORD00706,2023-07-19,United States,South,Florida,Technology,Accessories,7,187.07,0.3,24.3
ORD00707,2025-03-22,United States,Central,Ohio,Furniture,Bookcase,6,1559.76,0.15,172.47
ORD00708,2024-11-23,United States,West,Oregon,Office Supplies,Binder,4,202.46,0.3,26.96
ORD00709,2023-03-26,United States,Central,Ohio,Technology,Laptop,8,8781.33,0.15,365.94
ORD00710,2025-08-10,United States,Central,Ohio,Technology,Printer,5,666.7,0.0,92.1
ORD00711,2023-09-25,United States,Central,Colorado,Furniture,Bookcase,2,436.85,0.2,25.0
ORD00712,2023-08-13,United States,West,Nevada,Technology,Accessories,2,52.98,0.3,2.62
ORD00713,2024-02-15,United States,South,Texas,Office Supplies,Storage,8,613.83,0.0,144.4
ORD00714,2024-03-02,United States,South,North Carolina,Office Supplies,Binder,6,427.67,,109.76
ORD00715,2025-04-07,United States,East,Massachusetts,Office Supplies,Storage,3,315.33,0.3,19.37
ORD00716,2023-06-19,United States,West,Oregon,Office Supplies,Storage,5,178.06,0.05,31.81
ORD00717,2025-09-30,United States,West,Washington,Furniture,Desk,7,1019.88,0.1,99.33
ORD00718,2023-07-08,United States,East,New York,Technology,Laptop,6,4471.67,0.3,-47.39
ORD00719,2025-04-02,United States,Central,Ohio,Furniture,Desk,6,2811.76,0.15,113.9
ORD00720,2023-07-19,United States,West,Oregon,Office Supplies,Labels,1,25.24,0.1,7.87
ORD00721,2025-06-09,United States,South,Florida,Technology,Phone,6,3738.1,0.0,828.02
ORD00722,2024-07-26,United States,East,Virginia,Furniture,Desk,7,3588.15,0.0,372.25
ORD00723,2024-11-03,United States,East,New York,Technology,Phone,4,784.07,0.4,-30.65
ORD00724,2023-02-26,United States,Central,Colorado,Office Supplies,Labels,1,13.64,0.2,3.82
ORD00725,2023-12-27,United States,Central,Illinois,Technology,Accessories,4,647.61,0.0,212.87
ORD00726,2024-06-12,United States,West,Oregon,Office Supplies,Paper,7,168.19,0.1,23.34
ORD00727,2024-02-06,United States,East,New York,Technology,Printer,4,1335.29,0.0,239.17
ORD00728,2025-07-14,United States,South,Florida,Furniture,Desk,2,1222.09,0.0,157.94
ORD00729,2024-02-14,United States,South,Texas,Technology,Accessories,6,515.44,0.0,188.92
ORD00730,2023-08-12,United States,East,New York,Office Supplies,Paper,3,29.99,0.1,1.03
ORD00731,2023-01-07,United States,Central,Minnesota,Technology,Accessories,3,403.52,0.1,98.99
ORD00732,2024-12-19,United States,West,Washington,Office Supplies,Storage,1,96.14,0.4,-3.75
ORD00733,2025-09-06,United States,Central,Minnesota,Office Supplies,Labels,6,25.31,0.4,2.33
ORD00734,2024-04-11,United States,East,Massachusetts,Technology,Printer,1,190.47,0.0,34.36
ORD00735,2023-02-21,United States,Central,Colorado,Office Supplies,Labels,4,93.37,0.0,30.04
ORD00736,2023-06-21,United States,Central,Minnesota,Technology,Printer,6,1340.44,0.0,201.57
ORD00737,2023-04-13,United States,Central,Colorado,Furniture,Desk,4,1675.89,0.1,137.8
ORD00738,2025-07-18,United States,Central,Ohio,Technology,Accessories,7,168.95,0.0,57.91
ORD00739,2023-11-28,United States,South,Texas,Furniture,Bookcase,7,2448.24,0.3,54.08
ORD00740,2024-01-08,United States,East,New York,Furniture,Bookcase,3,285.66,0.0,56.69
ORD00741,2025-10-14,United States,South,Texas,Furniture,Table,2,1230.89,0.3,-82.74
ORD00742,2023-01-17,United States,East,New Jersey,Office Supplies,Paper,4,82.72,0.0,17.82
ORD00743,2023-10-28,United States,West,Nevada,Technology,Accessories,1,111.08,0.0,39.32
ORD00744,2025-01-25,United States,West,Oregon,Technology,Printer,6,1464.49,,344.46
ORD00745,2025-11-24,United States,South,Florida,Technology,Printer,8,1810.09,0.2,24.27
ORD00746,2024-01-28,United States,East,New Jersey,Technology,Phone,3,1653.68,0.0,362.63
ORD00747,2024-10-26,United States,South,Georgia,Furniture,Table,3,2098.75,0.0,286.17
ORD00748,2023-03-24,United States,West,California,Furniture,Bookcase,3,296.63,0.0,58.99
ORD00749,2024-11-02,United States,Central,Colorado,Office Supplies,Storage,2,240.05,0.0,54.36
ORD00750,2025-02-04,United States,West,Nevada,Office Supplies,Paper,8,360.13,0.0,81.29
ORD00751,2023-02-07,United States,South,Texas,Office Supplies,Storage,7,687.4,0.15,107.36
ORD00752,2025-12-08,United States,South,Florida,Furniture,Table,2,1274.74,0.0,223.55
ORD00753,2023-01-29,United States,East,Massachusetts,Technology,Printer,2,297.68,0.0,52.07
ORD00754,2025-06-14,United States,East,Massachusetts,Furniture,Chair,1,253.65,0.5,-35.65
ORD00755,2023-05-27,United States,East,Massachusetts,Furniture,Table,8,2211.69,0.5,-370.47
ORD00756,2025-07-25,United States,West,Oregon,Furniture,Bookcase,8,3498.56,0.2,164.67
ORD00757,2024-04-15,United States,East,New York,Office Supplies,Labels,4,50.6,0.05,15.37
ORD00758,2025-05-23,United States,West,Washington,Office Supplies,Storage,4,472.9,0.0,138.75
ORD00759,2024-01-21,United States,West,Oregon,Furniture,Desk,6,2277.29,0.15,71.04
ORD00760,2023-04-22,United States,Central,Colorado,Office Supplies,Binder,5,90.34,0.15,20.19
ORD00761,2023-10-02,United States,South,Texas,Furniture,Desk,2,1474.9,0.0,254.39
ORD00762,2023-10-19,United States,East,New York,Technology,Phone,8,1701.32,0.4,-93.39
ORD00763,2025-04-19,United States,East,Virginia,Technology,Laptop,3,1584.12,,-305.39
ORD00764,2024-05-24,United States,East,New Jersey,Technology,Phone,5,1512.54,0.2,81.12
ORD00765,2025-12-10,United States,South,Texas,Office Supplies,Binder,6,477.23,0.0,152.45
ORD00766,2025-08-01,United States,Central,Illinois,Technology,Accessories,7,1228.05,0.0,427.32
ORD00767,2023-06-25,United States,South,Texas,Office Supplies,Paper,6,179.72,0.0,37.28
ORD00768,2025-10-31,United States,South,North Carolina,Office Supplies,Labels,4,86.95,0.0,23.94
ORD00769,2025-12-30,United States,Central,Illinois,Furniture,Bookcase,1,383.81,0.0,92.7
ORD00770,2025-06-05,United States,East,New Jersey,Office Supplies,Labels,1,12.54,0.0,3.34
ORD00771,2024-01-28,United States,Central,Ohio,Technology,Laptop,5,6082.69,0.0,727.81
ORD00772,2025-02-06,United States,South,Texas,Technology,Accessories,3,252.9,0.4,14.69
ORD00773,2024-09-15,United States,South,North Carolina,Technology,Laptop,3,3421.81,0.0,419.21
ORD00774,2024-04-24,United States,West,Nevada,Office Supplies,Paper,8,143.16,0.0,30.9
ORD00775,2024-05-09,United States,South,Texas,Office Supplies,Storage,7,326.88,0.1,55.8
ORD00776,2024-07-29,United States,Central,Illinois,Furniture,Desk,8,3242.63,0.2,9.57
ORD00777,2025-04-15,United States,East,New York,Office Supplies,Paper,5,165.79,0.2,8.63
ORD00778,2023-10-10,United States,Central,Colorado,Technology,Phone,7,3943.9,0.2,384.42
ORD00779,2024-10-08,United States,East,Massachusetts,Furniture,Chair,4,1858.51,0.05,174.81
ORD00780,2023-10-24,United States,East,Massachusetts,Furniture,Desk,8,6556.12,0.0,1072.56
ORD00781,2025-07-23,United States,East,New York,Technology,Phone,1,739.21,0.0,161.12
ORD00782,2025-03-01,United States,West,California,Furniture,Bookcase,7,3273.5,0.2,116.41
ORD00783,2025-02-23,United States,East,Massachusetts,Technology,Accessories,2,134.01,0.2,25.17
ORD00784,2025-03-31,United States,East,Virginia,Furniture,Chair,6,2045.55,0.0,381.73
ORD00785,2023-08-10,United States,Central,Colorado,Technology,Laptop,1,769.95,0.3,-13.1
ORD00786,2025-01-09,United States,South,North Carolina,Furniture,Desk,6,1564.01,0.0,242.04
ORD00787,2024-07-12,United States,West,Nevada,Furniture,Table,7,3139.87,0.0,651.58
ORD00788,2024-10-24,United States,East,Virginia,Office Supplies,Paper,1,41.46,0.1,3.69
ORD00789,2025-04-05,United States,South,Georgia,Office Supplies,Paper,1,38.16,0.0,4.28
ORD00790,2023-07-18,United States,West,California,Furniture,Chair,1,432.52,0.0,58.82
ORD00791,2024-06-29,United States,South,Texas,Technology,Laptop,4,4693.47,0.15,388.84
ORD00792,2024-09-07,United States,East,New Jersey,Office Supplies,Paper,4,53.72,0.1,9.2
ORD00793,2023-04-14,United States,South,North Carolina,Office Supplies,Paper,6,94.48,0.0,19.3
ORD00794,2025-04-01,United States,South,Georgia,Furniture,Bookcase,3,1152.08,0.0,242.14
ORD00795,2023-09-12,United States,South,North Carolina,Office Supplies,Binder,4,120.63,0.3,9.81
ORD00796,2025-10-05,United States,Central,Illinois,Technology,Printer,5,729.15,0.1,62.89
ORD00797,2024-05-12,United States,East,New Jersey,Furniture,Bookcase,8,5563.14,0.0,1026.2
ORD00798,2025-02-13,United States,South,North Carolina,Furniture,Desk,7,3227.38,0.2,198.38
ORD00799,2024-04-01,United States,South,Georgia,Office Supplies,Paper,1,15.31,0.1,2.0
ORD00800,2024-03-08,United States,South,Texas,Technology,Phone,2,1281.39,0.0,244.3
ORD00801,2023-08-13,United States,West,Nevada,Technology,Accessories,8,705.08,0.2,164.96
ORD00802,2025-02-15,United States,Central,Minnesota,Furniture,Table,7,2443.93,0.1,187.88
ORD00803,2025-02-20,United States,East,New Jersey,Furniture,Desk,4,482.45,0.0,86.29
ORD00804,2025-06-23,United States,West,Oregon,Technology,Laptop,4,4281.36,0.0,742.18
ORD00805,2023-04-17,United States,South,Georgia,Furniture,Bookcase,5,505.85,0.0,103.33
ORD00806,2023-12-23,United States,West,Oregon,Furniture,Desk,1,835.4,0.0,126.87
ORD00807,2024-12-01,United States,West,Washington,Technology,Phone,8,2800.17,0.3,91.22
ORD00808,2024-05-19,United States,West,Oregon,Technology,Accessories,1,67.98,0.2,12.65
ORD00809,2024-07-08,United States,East,Massachusetts,Furniture,Bookcase,3,1206.47,0.1,139.93
ORD00810,2025-02-17,United States,South,Georgia,Technology,Accessories,8,599.62,0.15,147.59
ORD00811,2025-08-08,United States,South,Texas,Office Supplies,Binder,5,157.1,0.1,41.86
ORD00812,2024-08-18,United States,Central,Ohio,Technology,Accessories,5,243.68,0.1,67.42
ORD00813,2024-08-17,United States,West,Nevada,Furniture,Table,4,1812.98,0.0,346.02
ORD00814,2024-02-06,United States,South,Georgia,Office Supplies,Storage,2,77.53,0.1,14.52
ORD00815,2025-11-22,United States,South,North Carolina,Furniture,Chair,7,4027.42,0.0,752.56
ORD00816,2023-03-28,United States,East,Virginia,Furniture,Chair,6,2598.57,0.0,425.05
ORD00817,2024-09-30,United States,West,Washington,Office Supplies,Labels,2,46.85,0.0,17.05
ORD00818,2024-09-05,United States,Central,Colorado,Furniture,Chair,1,534.12,0.0,89.65
ORD00819,2023-11-24,United States,Central,Illinois,Technology,Phone,6,4083.84,0.0,858.49
ORD00820,2025-06-02,United States,South,North Carolina,Office Supplies,Storage,4,388.26,0.2,63.84
ORD00821,2023-08-18,United States,East,Virginia,Technology,Printer,8,2172.21,,153.56
ORD00822,2024-05-05,United States,Central,Colorado,Technology,Accessories,1,38.1,0.2,4.98
ORD00823,2023-07-05,United States,East,New York,Technology,Printer,7,1058.15,0.4,-156.95
ORD00824,2025-12-26,United States,East,Virginia,Office Supplies,Storage,5,330.13,0.0,72.19
ORD00825,2023-09-08,United States,Central,Colorado,Furniture,Table,3,661.18,0.0,68.01
ORD00826,2025-12-20,United States,East,Massachusetts,Furniture,Bookcase,7,736.66,0.0,182.71
ORD00827,2024-07-23,United States,East,Virginia,Office Supplies,Binder,4,49.61,0.4,2.61
ORD00828,2025-09-05,United States,Central,Colorado,Technology,Accessories,4,302.98,0.0,115.8
ORD00829,2025-10-13,United States,South,Texas,Furniture,Chair,7,936.8,0.0,202.31
ORD00830,2024-04-20,United States,East,New York,Technology,Accessories,7,262.35,0.3,26.85
ORD00831,2023-02-10,United States,East,Virginia,Office Supplies,Binder,4,142.1,0.0,46.45
ORD00832,2025-03-06,United States,South,North Carolina,Office Supplies,Binder,4,256.58,0.0,78.06
ORD00833,2024-10-22,United States,East,New York,Technology,Accessories,8,1383.05,0.1,357.58
ORD00834,2023-01-21,United States,Central,Colorado,Office Supplies,Paper,7,211.03,0.0,33.38
ORD00835,2024-01-04,United States,West,Washington,Office Supplies,Binder,7,372.67,0.3,34.56
ORD00836,2024-01-10,United States,West,Washington,Furniture,Bookcase,8,884.57,0.0,194.41
ORD00837,2024-02-17,United States,East,Massachusetts,Furniture,Table,1,182.11,0.05,25.15
ORD00838,2023-11-26,United States,Central,Ohio,Technology,Accessories,5,273.59,0.1,73.35
ORD00839,2025-12-15,United States,West,Nevada,Furniture,Table,8,5227.22,0.0,714.57
ORD00840,2024-10-17,United States,West,Nevada,Furniture,Bookcase,2,939.31,0.0,155.73
ORD00841,2024-05-16,United States,West,California,Office Supplies,Labels,1,8.76,0.4,-0.32
ORD00842,2025-12-20,United States,West,California,Technology,Accessories,5,839.84,0.1,265.11
ORD00843,2025-04-20,United States,East,Massachusetts,Technology,Phone,1,653.49,0.0,149.63
ORD00844,2023-07-25,United States,East,Massachusetts,Technology,Accessories,3,329.33,0.0,126.49
ORD00845,2025-02-19,United States,Central,Colorado,Technology,Laptop,7,3745.73,0.5,-738.07
ORD00846,2023-10-06,United States,South,Georgia,Furniture,Chair,8,3301.63,0.0,598.21
ORD00847,2023-01-05,United States,Central,Illinois,Office Supplies,Paper,2,49.35,0.0,9.1
ORD00848,2025-11-07,United States,East,Virginia,Technology,Printer,6,1045.15,0.1,87.12
ORD00849,2024-10-13,United States,West,California,Technology,Accessories,2,298.31,0.0,87.87
ORD00850,2025-02-01,United States,Central,Illinois,Technology,Printer,7,1197.96,0.1,101.02
ORD00851,2024-06-01,United States,South,Georgia,Furniture,Bookcase,8,2983.5,0.3,-136.73
ORD00852,2023-02-11,United States,South,Texas,Technology,Printer,1,186.77,0.15,-0.92
ORD00853,2025-07-06,United States,Central,Ohio,Technology,Printer,2,219.05,0.1,20.12
ORD00854,2023-03-27,United States,East,Virginia,Technology,Accessories,6,632.19,0.3,67.67
ORD00855,2025-07-31,United States,Central,Ohio,Technology,Printer,8,2453.58,0.05,465.3
ORD00856,2023-08-09,United States,South,Georgia,Technology,Laptop,8,3900.0,0.5,-560.41
ORD00857,2023-10-12,United States,South,Texas,Furniture,Desk,4,1819.77,0.15,87.74
ORD00858,2025-10-12,United States,West,Oregon,Office Supplies,Labels,5,69.79,0.0,23.67
ORD00859,2023-02-15,United States,Central,Illinois,Office Supplies,Paper,6,109.14,0.1,17.77
ORD00860,2023-07-03,United States,West,Nevada,Furniture,Chair,2,638.51,0.0,119.43
ORD00861,2023-11-29,United States,South,Texas,Technology,Laptop,1,1004.76,0.0,190.9
ORD00862,2024-07-12,United States,East,New Jersey,Furniture,Table,3,2066.63,0.0,275.66
ORD00863,2024-02-22,United States,West,Nevada,Office Supplies,Storage,3,194.76,0.0,44.91
ORD00864,2024-11-01,United States,West,Washington,Furniture,Bookcase,1,186.6,0.1,24.82
ORD00865,2023-03-13,United States,East,Massachusetts,Furniture,Chair,8,1279.61,0.0,186.83
ORD00866,2024-06-18,United States,West,Nevada,Technology,Phone,2,859.76,0.1,91.61
ORD00867,2023-04-24,United States,South,Georgia,Office Supplies,Paper,5,170.73,0.15,12.98
ORD00868,2023-05-26,United States,East,New York,Furniture,Bookcase,7,3182.78,0.2,137.19
ORD00869,2024-02-14,United States,West,Washington,Office Supplies,Labels,8,114.44,0.1,22.04
ORD00870,2023-09-10,United States,South,Florida,Office Supplies,Binder,1,12.27,0.0,0.96
ORD00871,2023-12-13,United States,Central,Ohio,Technology,Laptop,7,7728.31,0.05,970.74
ORD00872,2023-09-14,United States,West,California,Technology,Printer,4,820.7,0.3,-53.17
ORD00873,2023-09-03,United States,West,Washington,Furniture,Chair,8,1076.88,0.05,167.86
ORD00874,2024-09-07,United States,Central,Illinois,Office Supplies,Paper,2,64.26,0.0,13.86
ORD00875,2025-06-19,United States,South,Texas,Furniture,Desk,7,5573.78,0.1,401.44
ORD00876,2025-03-30,United States,East,Massachusetts,Furniture,Desk,1,300.7,0.0,59.06
ORD00877,2023-09-21,United States,South,Georgia,Office Supplies,Labels,7,50.67,0.0,16.24
ORD00878,2023-02-09,United States,Central,Colorado,Technology,Phone,4,3287.68,0.0,787.94
ORD00879,2025-06-02,United States,South,Georgia,Office Supplies,Labels,4,73.49,0.1,12.13
ORD00880,2023-12-12,United States,West,Washington,Office Supplies,Labels,5,62.04,0.2,7.26
ORD00881,2025-06-15,United States,West,Oregon,Technology,Accessories,7,1282.28,0.05,434.44
ORD00882,2025-04-13,United States,Central,Colorado,Office Supplies,Binder,4,78.36,0.2,11.73
ORD00883,2024-08-21,United States,South,Georgia,Furniture,Chair,7,843.35,0.0,145.78
ORD00884,2025-05-30,United States,Central,Ohio,Furniture,Bookcase,7,988.45,0.0,177.36
ORD00885,2024-12-20,United States,East,Virginia,Furniture,Desk,8,6209.63,0.0,1093.11
ORD00886,2025-06-28,United States,Central,Colorado,Office Supplies,Storage,3,244.05,0.1,35.47
ORD00887,2024-03-14,United States,Central,Illinois,Technology,Printer,7,507.63,0.4,-75.83
ORD00888,2023-04-20,United States,West,California,Technology,Accessories,7,656.02,0.0,215.22
ORD00889,2025-12-02,United States,South,North Carolina,Furniture,Bookcase,3,1966.86,0.0,
ORD00890,2025-08-03,United States,South,Florida,Furniture,Chair,5,2532.2,0.0,316.89
ORD00891,2025-12-10,United States,East,Virginia,Furniture,Desk,4,2953.31,0.0,456.62
ORD00892,2025-09-04,United States,Central,Colorado,Furniture,Bookcase,3,848.16,0.4,-49.22
ORD00893,2023-06-30,United States,West,Oregon,Office Supplies,Paper,8,336.24,0.0,56.23
ORD00894,2025-02-16,United States,East,Virginia,Technology,Printer,1,120.88,0.0,14.78
ORD00895,2025-03-08,United States,East,New York,Furniture,Table,7,3268.52,0.1,368.34
ORD00896,2025-03-08,United States,West,Nevada,Furniture,Desk,4,2599.58,0.05,314.22
ORD00897,2024-08-21,United States,West,Oregon,Furniture,Bookcase,7,2019.07,0.05,267.1
ORD00898,2025-07-14,United States,West,California,Office Supplies,Binder,1,5.44,0.0,3.79
ORD00899,2023-05-29,United States,East,Massachusetts,Furniture,Bookcase,1,156.49,0.0,27.8
ORD00900,2024-01-06,United States,West,California,Technology,Laptop,1,762.98,0.2,32.0
ORD00901,2025-05-10,United States,South,North Carolina,Furniture,Desk,2,814.16,0.0,123.8
ORD00902,2025-01-17,United States,East,New Jersey,Furniture,Bookcase,1,187.14,0.5,-26.58
ORD00903,2024-08-23,United States,Central,Colorado,Furniture,Bookcase,3,773.03,0.0,156.99
ORD00904,2024-09-26,United States,Central,Illinois,Furniture,Desk,1,172.65,0.1,17.44
ORD00905,2023-04-19,United States,West,Oregon,Office Supplies,Paper,4,74.1,0.15,9.66
ORD00906,2024-03-16,United States,Central,Colorado,Office Supplies,Binder,7,244.94,0.0,65.93
ORD00907,2024-07-23,United States,West,California,Office Supplies,Binder,8,410.13,0.0,130.92
ORD00908,2025-05-02,United States,Central,Minnesota,Furniture,Table,5,3336.3,0.0,518.69
ORD00909,2024-07-09,United States,South,Florida,Technology,Phone,8,3189.33,0.15,274.96
ORD00910,2024-07-24,United States,South,Texas,Technology,Phone,8,2440.66,0.15,326.35
ORD00911,2025-08-19,United States,East,Virginia,Technology,Printer,5,1699.52,0.0,301.84
ORD00912,2024-07-30,United States,South,North Carolina,Technology,Phone,5,2187.23,0.1,283.13
ORD00913,2023-11-14,United States,East,New York,Office Supplies,Paper,3,94.37,0.3,0.3
ORD00914,2023-08-23,United States,West,Nevada,Office Supplies,Paper,2,72.63,0.0,14.12
ORD00915,2024-10-03,United States,South,Florida,Office Supplies,Storage,8,1256.14,0.0,366.66
ORD00916,2023-11-05,United States,South,Georgia,Technology,Phone,6,4860.76,0.05,751.78
ORD00917,2023-02-28,United States,East,Virginia,Furniture,Table,3,495.21,0.0,68.29
ORD00918,2025-05-04,United States,Central,Minnesota,Technology,Accessories,2,185.84,0.0,69.14
ORD00919,2024-02-25,United States,South,Georgia,Furniture,Bookcase,6,1556.21,0.0,301.68
ORD00920,2023-11-16,United States,South,Florida,Technology,Laptop,2,2760.15,0.0,492.77
ORD00921,2024-04-01,United States,West,California,Furniture,Desk,5,736.77,0.3,-52.78
ORD00922,2025-09-13,United States,South,North Carolina,Office Supplies,Labels,3,28.52,0.15,2.11
ORD00923,2024-05-08,United States,East,New Jersey,Office Supplies,Binder,5,380.38,0.0,108.11
ORD00924,2023-06-13,United States,South,Texas,Furniture,Desk,6,4322.71,0.1,382.65
ORD00925,2024-09-16,United States,East,Massachusetts,Office Supplies,Labels,6,128.16,0.2,17.97
ORD00926,2023-11-22,United States,Central,Minnesota,Technology,Laptop,1,1144.18,0.0,158.41
ORD00927,2025-01-26,United States,South,North Carolina,Technology,Phone,7,1871.94,0.5,-275.84
ORD00928,2025-10-22,United States,Central,Illinois,Office Supplies,Binder,2,85.8,0.0,28.93
ORD00929,2023-08-29,United States,Central,Colorado,Technology,Phone,5,1461.56,0.4,-124.21
ORD00930,2024-02-14,United States,South,Georgia,Technology,Printer,4,1491.09,0.05,151.43
ORD00931,2024-06-14,United States,Central,Illinois,Office Supplies,Storage,1,91.62,0.0,21.92
ORD00932,2023-09-28,United States,South,Florida,Technology,Phone,2,911.24,0.0,220.44
ORD00933,2025-04-05,United States,Central,Ohio,Furniture,Chair,1,446.29,0.1,72.02
ORD00934,2023-06-20,United States,West,Washington,Furniture,Bookcase,7,1530.33,0.0,295.06
ORD00935,2024-09-09,United States,Central,Minnesota,Office Supplies,Binder,7,309.19,0.4,6.61
ORD00936,2023-01-12,United States,East,New York,Technology,Laptop,2,1894.94,0.0,300.68
ORD00937,2024-02-16,United States,West,California,Office Supplies,Binder,6,47.29,0.0,15.43
ORD00938,2025-07-27,United States,South,Texas,Furniture,Chair,4,729.01,0.2,37.22
ORD00939,2024-01-07,United States,West,Nevada,Technology,Printer,6,1068.13,0.0,198.46
ORD00940,2025-04-10,United States,West,Oregon,Furniture,Table,1,360.35,0.15,26.66
ORD00941,2024-01-05,United States,East,Massachusetts,Technology,Laptop,5,5927.51,0.0,961.68
ORD00942,2025-10-18,United States,East,Massachusetts,Technology,Accessories,6,1006.98,0.0,333.06
ORD00943,2023-12-10,United States,West,California,Furniture,Bookcase,7,4289.1,0.1,702.51
ORD00944,2025-03-12,United States,Central,Colorado,Furniture,Desk,1,665.3,0.0,70.27
ORD00945,2023-08-06,United States,South,North Carolina,Technology,Laptop,5,5710.96,0.1,687.64
ORD00946,2023-12-04,United States,East,Massachusetts,Furniture,Desk,8,3046.69,0.0,548.35
ORD00947,2023-02-03,United States,West,Washington,Technology,Accessories,4,770.88,0.0,258.43
ORD00948,2025-03-30,United States,East,Virginia,Furniture,Bookcase,6,1496.69,0.0,296.19
ORD00949,2024-07-22,United States,West,California,Office Supplies,Paper,5,204.26,0.1,17.54
ORD00950,2025-10-21,United States,Central,Colorado,Technology,Printer,1,166.53,0.5,-25.37
ORD00951,2024-11-17,United States,West,Washington,Furniture,Table,2,1556.01,0.2,8.51
ORD00952,2025-09-17,United States,Central,Illinois,Furniture,Desk,1,573.71,0.0,99.06
ORD00953,2024-10-14,United States,West,Nevada,Office Supplies,Labels,7,90.97,0.0,27.0
ORD00954,2023-01-03,United States,West,Nevada,Office Supplies,Labels,8,96.46,0.4,-2.53
ORD00955,2023-12-10,United States,Central,Minnesota,Technology,Laptop,1,992.29,0.0,187.07
ORD00956,2025-01-12,United States,West,Oregon,Furniture,Table,7,3045.5,0.3,-91.54
ORD00957,2023-07-17,United States,South,Texas,Technology,Printer,5,1471.25,0.0,262.78
ORD00958,2024-02-24,United States,East,New York,Technology,Printer,7,2121.83,0.0,346.7
ORD00959,2024-11-25,United States,South,Florida,Furniture,Bookcase,7,1947.01,0.4,-86.79
ORD00960,2023-04-09,United States,South,Texas,Office Supplies,Labels,2,30.48,0.0,7.18
ORD00961,2025-09-20,United States,East,New York,Furniture,Chair,2,1003.57,0.0,196.37
ORD00962,2023-08-20,United States,East,Massachusetts,Technology,Accessories,1,16.4,0.4,3.21
ORD00963,2024-07-22,United States,East,Massachusetts,Office Supplies,Binder,3,93.87,0.05,25.08
ORD00964,2023-02-09,United States,South,Georgia,Technology,Accessories,8,967.84,0.15,227.77
ORD00965,2023-02-19,United States,Central,Colorado,Office Supplies,Binder,2,40.47,0.4,0.21
ORD00966,2025-07-10,United States,South,Florida,Furniture,Bookcase,5,1842.09,0.2,33.14
ORD00967,2023-07-13,United States,West,California,Furniture,Desk,8,4710.87,0.0,479.98
ORD00968,2023-06-02,United States,East,New York,Furniture,Bookcase,1,522.13,0.0,78.28
ORD00969,2025-06-12,United States,East,Virginia,Furniture,Desk,1,875.94,0.0,124.86
ORD00970,2025-06-01,United States,Central,Ohio,Technology,Laptop,7,7166.58,0.15,498.15
ORD00971,2024-06-01,United States,South,North Carolina,Furniture,Desk,1,401.69,0.0,38.03
ORD00972,2024-03-17,United States,South,Texas,Office Supplies,Labels,5,58.23,0.15,9.47
ORD00973,2025-07-14,United States,Central,Illinois,Technology,Accessories,6,840.24,0.0,261.04
ORD00974,2023-07-20,United States,East,New Jersey,Office Supplies,Binder,1,5.83,0.15,1.14
ORD00975,2023-07-05,United States,East,New Jersey,Office Supplies,Paper,7,294.57,0.1,39.19
ORD00976,2023-07-07,United States,Central,Minnesota,Furniture,Desk,4,963.2,0.3,-63.12
ORD00977,2024-08-16,United States,East,Virginia,Office Supplies,Storage,7,384.62,0.0,91.03
ORD00978,2025-09-01,United States,South,Texas,Office Supplies,Paper,8,72.51,0.1,11.82
ORD00979,2023-01-21,United States,West,Nevada,Technology,Printer,8,1145.69,0.3,-23.92
ORD00980,2024-01-08,United States,East,Virginia,Technology,Laptop,2,2200.6,0.15,180.37
ORD00981,2023-01-12,United States,West,Nevada,Office Supplies,Labels,3,72.22,0.15,15.4
ORD00982,2023-03-28,United States,South,Georgia,Technology,Laptop,7,6320.13,0.15,464.36
ORD00983,2023-09-07,United States,South,Georgia,Office Supplies,Paper,2,45.45,0.1,0.59
ORD00984,2023-10-25,United States,West,California,Technology,Phone,8,2051.91,0.15,170.07
ORD00985,2023-09-13,United States,Central,Illinois,Technology,Accessories,8,850.07,0.15,195.97
ORD00986,2023-09-02,United States,West,Washington,Office Supplies,Paper,6,185.7,0.15,18.45
ORD00987,2024-03-24,United States,West,California,Furniture,Desk,4,1430.52,0.0,238.27
ORD00988,2025-01-12,United States,Central,Illinois,Technology,Phone,4,2589.37,0.1,366.17
ORD00989,2024-08-26,United States,South,Texas,Technology,Laptop,8,6865.3,0.1,752.36
ORD00990,2025-07-25,United States,West,Nevada,Office Supplies,Paper,2,19.53,0.2,3.55
ORD00991,2025-08-25,United States,East,New York,Furniture,Bookcase,4,1273.58,0.2,71.25
ORD00992,2023-01-02,United States,East,New York,Furniture,Table,6,4370.81,0.2,189.9
ORD00993,2023-09-09,United States,Central,Colorado,Technology,Printer,2,253.33,0.15,11.48
ORD00994,2025-03-07,United States,East,Massachusetts,Furniture,Desk,1,748.99,0.1,58.78
ORD00995,2024-03-17,United States,West,Oregon,Furniture,Chair,6,578.25,0.0,86.33
ORD00996,2023-06-19,United States,East,New York,Office Supplies,Binder,1,50.89,0.0,15.9
ORD00997,2024-11-08,United States,East,Massachusetts,Office Supplies,Binder,7,244.17,0.1,
ORD00998,2024-02-19,United States,Central,Minnesota,Office Supplies,Binder,2,35.31,0.15,8.69
ORD00999,2025-06-16,United States,Central,Ohio,Technology,Accessories,3,212.92,0.2,44.19
ORD01000,2025-05-09,United States,Central,Colorado,Office Supplies,Paper,3,35.35,0.0,4.22
ORD01001,2025-07-17,United States,South,Florida,Office Supplies,Paper,3,73.94,0.0,21.5
ORD01002,2024-12-01,United States,Central,Minnesota,Furniture,Bookcase,3,1678.35,0.1,221.8
ORD01003,2024-04-25,United States,East,Massachusetts,Technology,Phone,8,5123.11,0.05,1133.61
ORD01004,2025-11-14,United States,West,Nevada,Furniture,Table,1,706.3,0.15,39.07
ORD01005,2024-07-20,United States,East,Massachusetts,Technology,Phone,7,3014.64,0.15,255.88
ORD01006,2025-06-26,United States,West,Nevada,Office Supplies,Paper,6,113.96,0.0,22.32
ORD01007,2024-08-22,United States,East,Massachusetts,Technology,Printer,2,232.21,0.5,-46.94
ORD01008,2025-12-27,United States,West,Oregon,Furniture,Chair,7,2512.96,0.2,160.75
ORD01009,2023-02-13,United States,South,Florida,Furniture,Chair,8,1690.16,0.0,298.54
ORD01010,2024-10-15,United States,East,Massachusetts,Technology,Printer,5,1210.3,0.2,39.63
ORD01011,2025-09-17,United States,Central,Minnesota,Technology,Phone,3,1937.64,0.15,182.45
ORD01012,2024-08-20,United States,Central,Minnesota,Office Supplies,Labels,8,137.66,0.1,31.33
ORD01013,2024-02-03,United States,South,North Carolina,Office Supplies,Paper,2,71.1,0.05,13.05
ORD01014,2024-04-26,United States,West,Nevada,Technology,Printer,4,1011.88,0.0,133.14
ORD01015,2025-03-22,United States,East,Massachusetts,Office Supplies,Labels,7,160.94,0.2,20.65
ORD01016,2025-04-11,United States,West,Washington,Technology,Phone,2,908.05,0.0,217.57
ORD01017,2025-07-22,United States,Central,Minnesota,Technology,Accessories,6,319.87,0.2,66.62
ORD01018,2023-01-03,United States,West,Oregon,Technology,Phone,6,4048.36,0.15,399.43
ORD01019,2025-08-26,United States,West,Washington,Office Supplies,Labels,6,78.36,0.0,21.81
ORD01020,2025-07-07,United States,West,Nevada,Furniture,Bookcase,5,3311.93,0.0,538.15
ORD01021,2025-07-13,United States,East,New York,Office Supplies,Binder,8,442.25,0.0,134.71
ORD01022,2024-12-07,United States,West,Washington,Office Supplies,Storage,6,680.47,0.0,185.55
ORD01023,2025-04-07,United States,West,California,Technology,Laptop,6,8103.68,0.0,1485.99
ORD01024,2023-11-19,United States,South,Georgia,Furniture,Table,7,1025.02,0.2,40.78
ORD01025,2023-02-14,United States,South,North Carolina,Office Supplies,Paper,6,149.48,0.0,32.93
ORD01026,2025-06-03,United States,West,California,Furniture,Chair,7,2998.68,,613.32
ORD01027,2023-09-05,United States,East,Virginia,Furniture,Bookcase,6,3058.4,0.0,456.28
ORD01028,2023-05-18,United States,Central,Illinois,Furniture,Bookcase,2,1203.47,0.1,145.78
ORD01029,2024-05-07,United States,South,Florida,Furniture,Chair,3,907.94,0.1,89.33
ORD01030,2025-07-07,United States,East,Virginia,Office Supplies,Storage,4,410.47,0.0,117.53
ORD01031,2023-03-04,United States,Central,Illinois,Furniture,Chair,6,643.07,0.4,-58.31
ORD01032,2025-03-13,United States,East,Virginia,Furniture,Table,8,1555.68,0.1,202.54
ORD01033,2023-12-13,United States,West,Washington,Office Supplies,Storage,6,295.21,0.15,40.96
ORD01034,2024-09-11,United States,East,New York,Furniture,Table,5,882.53,0.0,158.37
ORD01035,2025-04-09,United States,East,Virginia,Furniture,Table,8,4629.0,0.0,863.05
ORD01036,2025-10-29,United States,Central,Ohio,Office Supplies,Storage,7,361.8,0.1,59.02
ORD01037,2025-11-23,United States,South,North Carolina,Office Supplies,Labels,3,30.97,0.1,9.71
ORD01038,2025-02-06,United States,Central,Illinois,Office Supplies,Storage,3,483.13,0.0,112.68
ORD01039,2024-09-30,United States,West,California,Furniture,Table,7,5760.03,0.0,831.47
ORD01040,2023-11-28,United States,West,Oregon,Furniture,Table,3,2191.35,0.2,88.59
ORD01041,2024-09-20,United States,Central,Illinois,Technology,Laptop,5,6088.57,0.0,815.75
ORD01042,2025-08-04,United States,South,North Carolina,Technology,Accessories,8,957.24,0.1,295.15
ORD01043,2025-07-23,United States,East,Virginia,Office Supplies,Labels,6,76.0,0.3,10.03
ORD01044,2025-07-20,United States,East,New York,Technology,Accessories,4,376.22,0.4,23.47
ORD01045,2023-06-04,United States,Central,Illinois,Office Supplies,Labels,3,21.09,0.0,6.81
ORD01046,2025-01-08,United States,Central,Colorado,Office Supplies,Labels,2,9.34,0.3,-1.53
ORD01047,2024-09-13,United States,South,Georgia,Technology,Accessories,2,241.71,0.2,47.23
ORD01048,2025-04-17,United States,West,Oregon,Furniture,Chair,1,124.34,0.2,9.59
ORD01049,2025-05-05,United States,South,North Carolina,Furniture,Bookcase,8,4441.0,0.15,492.81
ORD01050,2023-11-17,United States,East,New York,Office Supplies,Labels,4,27.96,0.4,-2.26
ORD01051,2025-02-12,United States,West,Washington,Technology,Phone,2,1244.86,0.0,264.09
ORD01052,2024-02-15,United States,West,Nevada,Technology,Printer,2,684.46,0.0,92.29
ORD01053,2023-03-28,United States,West,Washington,Technology,Laptop,4,4839.52,0.0,939.19
ORD01054,2023-06-02,United States,East,Virginia,Furniture,Bookcase,7,3788.73,0.0,891.63
ORD01055,2025-01-12,United States,South,North Carolina,Furniture,Bookcase,6,3258.68,0.0,659.7
ORD01056,2024-02-04,United States,East,Virginia,Technology,Accessories,2,242.74,0.0,80.71
ORD01057,2023-02-09,United States,East,Virginia,Technology,Printer,3,712.19,0.1,62.35
ORD01058,2024-12-24,United States,East,New Jersey,Technology,Phone,1,326.53,0.0,79.54
ORD01059,2024-08-31,United States,South,Texas,Furniture,Table,5,732.57,0.0,122.66
ORD01060,2023-09-01,United States,East,Massachusetts,Office Supplies,Binder,2,66.13,0.05,14.23
ORD01061,2025-03-04,United States,East,Massachusetts,Technology,Printer,2,635.31,0.0,105.25
ORD01062,2025-02-07,United States,West,California,Office Supplies,Storage,1,56.43,0.3,2.98
ORD01063,2023-05-29,United States,East,Massachusetts,Office Supplies,Paper,6,150.84,0.0,26.92
ORD01064,2025-11-22,United States,South,Georgia,Office Supplies,Binder,4,170.47,0.3,18.48
ORD01065,2024-11-28,United States,West,Nevada,Furniture,Bookcase,6,3715.86,0.1,493.34
ORD01066,2024-04-30,United States,Central,Colorado,Technology,Accessories,6,555.89,0.4,33.79
ORD01067,2025-05-31,United States,East,New York,Furniture,Bookcase,3,1616.89,0.15,141.86
ORD01068,2023-05-30,United States,West,Oregon,Office Supplies,Storage,4,486.66,0.0,125.53
ORD01069,2023-10-18,United States,Central,Illinois,Technology,Accessories,8,1044.46,0.0,345.51
ORD01070,2024-10-24,United States,South,Georgia,Technology,Accessories,8,402.03,0.0,147.84
ORD01071,2025-10-06,United States,West,Nevada,Furniture,Chair,5,357.79,0.1,42.37
ORD01072,2023-01-31,United States,South,North Carolina,Technology,Phone,4,1898.69,0.4,-48.55
ORD01073,2024-02-21,United States,East,Massachusetts,Furniture,Bookcase,1,89.11,0.1,11.19
ORD01074,2024-04-18,United States,South,North Carolina,Technology,Laptop,1,661.01,0.3,-32.85
ORD01075,2023-04-03,United States,Central,Minnesota,Technology,Printer,6,1855.92,0.0,221.03
ORD01076,2023-04-07,United States,West,Washington,Technology,Phone,1,649.73,0.2,42.18
ORD01077,2023-02-10,United States,Central,Minnesota,Technology,Printer,1,180.85,0.4,-27.47
ORD01078,2023-04-04,United States,East,Virginia,Office Supplies,Storage,1,33.32,0.5,-6.62
ORD01079,2025-04-17,United States,East,Virginia,Furniture,Desk,5,1003.84,0.0,129.13
ORD01080,2024-06-05,United States,Central,Colorado,Office Supplies,Storage,4,656.74,0.0,173.45
ORD01081,2023-09-22,United States,Central,Illinois,Technology,Printer,8,2818.75,0.1,265.47
ORD01082,2025-07-07,United States,South,North Carolina,Furniture,Desk,3,1458.39,0.4,-205.3
ORD01083,2023-02-18,United States,East,New Jersey,Technology,Laptop,4,2262.62,0.5,-399.42
ORD01084,2025-01-05,United States,Central,Illinois,Furniture,Desk,4,2257.98,0.3,-179.67
ORD01085,2024-02-24,United States,East,New York,Furniture,Table,3,1449.56,0.2,51.34
ORD01086,2024-07-10,United States,East,New York,Furniture,Table,1,565.88,0.15,11.59
ORD01087,2023-04-30,United States,South,Florida,Office Supplies,Storage,1,70.29,0.0,12.74
ORD01088,2025-07-21,United States,Central,Minnesota,Technology,Laptop,3,3030.61,0.15,193.82
ORD01089,2025-11-19,United States,South,Texas,Furniture,Bookcase,5,1482.56,0.15,149.16
ORD01090,2025-02-28,United States,South,Georgia,Office Supplies,Binder,5,211.72,0.2,26.97
ORD01091,2025-11-05,United States,Central,Minnesota,Office Supplies,Labels,3,22.81,0.0,1.91
ORD01092,2023-04-02,United States,South,Florida,Office Supplies,Storage,2,300.37,0.15,50.75
ORD01093,2024-08-05,United States,South,Florida,Office Supplies,Labels,1,10.11,0.4,-0.43
ORD01094,2024-04-28,United States,West,Nevada,Technology,Accessories,6,710.13,0.05,216.77
ORD01095,2025-05-02,United States,East,Massachusetts,Furniture,Chair,1,410.03,0.0,83.86
ORD01096,2025-06-16,United States,West,California,Furniture,Chair,7,2743.77,0.3,58.2
ORD01097,2023-03-08,United States,East,Massachusetts,Furniture,Desk,2,1165.8,0.0,175.69
ORD01098,2023-02-12,United States,West,California,Technology,Accessories,2,97.68,0.0,37.48
ORD01099,2023-03-30,United States,East,Massachusetts,Office Supplies,Paper,8,285.54,0.1,24.76
ORD01100,2024-08-30,United States,East,New York,Technology,Printer,6,1915.91,,54.44
ORD01101,2023-09-02,United States,South,North Carolina,Furniture,Bookcase,3,1623.21,0.05,272.69
ORD01102,2023-11-13,United States,East,New York,Office Supplies,Paper,3,113.84,0.0,24.53
ORD01103,2025-05-09,United States,West,California,Furniture,Desk,8,2480.81,0.2,-0.06
ORD01104,2025-04-09,United States,South,Florida,Furniture,Table,6,4737.62,0.0,918.62
ORD01105,2024-05-11,United States,East,New York,Office Supplies,Binder,8,437.87,0.15,92.29
ORD01106,2023-11-26,United States,East,Virginia,Furniture,Bookcase,4,1322.31,0.0,259.3
ORD01107,2024-01-08,United States,South,Florida,Office Supplies,Paper,7,140.71,0.15,6.19
ORD01108,2025-04-12,United States,East,Virginia,Technology,Laptop,2,1326.08,0.5,-246.17
ORD01109,2024-12-20,United States,Central,Colorado,Office Supplies,Binder,7,248.27,0.0,71.38
ORD01110,2025-04-03,United States,West,Nevada,Furniture,Table,8,3084.96,0.2,36.24
ORD01111,2023-11-30,United States,West,Oregon,Furniture,Chair,6,2375.88,0.15,180.01
ORD01112,2025-08-29,United States,South,Florida,Furniture,Chair,5,1800.63,0.0,381.89
ORD01113,2023-02-27,United States,West,Oregon,Technology,Accessories,5,292.11,0.2,61.49
ORD01114,2024-10-02,United States,South,Georgia,Furniture,Chair,6,1435.25,0.0,252.48
ORD01115,2025-07-07,United States,East,New Jersey,Technology,Printer,6,1313.7,0.05,156.03
ORD01116,2024-11-15,United States,Central,Illinois,Furniture,Chair,7,856.35,0.0,143.51
ORD01117,2025-11-14,United States,Central,Illinois,Technology,Printer,7,1518.99,0.4,-190.37
ORD01118,2025-09-29,United States,Central,Illinois,Technology,Printer,8,2515.76,0.1,342.4
ORD01119,2025-07-09,United States,South,Georgia,Technology,Printer,6,1804.97,0.0,258.41
ORD01120,2024-03-27,United States,East,New Jersey,Furniture,Chair,6,2027.12,0.3,-11.54
ORD01121,2024-05-26,United States,West,Washington,Office Supplies,Storage,5,305.39,0.5,-21.61
ORD01122,2024-07-11,United States,East,Virginia,Office Supplies,Binder,4,246.16,0.0,70.72
ORD01123,2025-05-31,United States,Central,Colorado,Office Supplies,Binder,8,278.31,0.2,37.06
ORD01124,2024-11-18,United States,East,New York,Office Supplies,Labels,1,17.34,0.15,7.52
ORD01125,2023-06-17,United States,West,California,Furniture,Table,8,7823.58,0.0,1551.39
ORD01126,2023-04-15,United States,East,Massachusetts,Furniture,Chair,2,903.33,0.0,216.21
ORD01127,2024-04-21,United States,Central,Minnesota,Furniture,Chair,4,1902.55,0.0,278.03
ORD01128,2024-04-28,United States,South,Georgia,Technology,Accessories,3,247.78,0.0,89.97
ORD01129,2024-03-02,United States,West,Nevada,Technology,Laptop,2,1989.4,0.15,124.77
ORD01130,2025-12-26,United States,West,California,Technology,Laptop,8,9774.58,0.0,1839.31
ORD01131,2024-07-12,United States,West,Oregon,Office Supplies,Binder,1,78.04,0.0,25.53
ORD01132,2024-11-28,United States,Central,Ohio,Office Supplies,Labels,5,52.28,0.4,2.9
ORD01133,2025-08-28,United States,South,Georgia,Furniture,Bookcase,1,655.42,0.0,104.23
ORD01134,2023-10-23,United States,South,Georgia,Technology,Phone,8,2448.01,0.3,50.59
ORD01135,2023-11-26,United States,South,Texas,Furniture,Bookcase,8,1454.94,0.0,281.54
ORD01136,2023-01-21,United States,South,Georgia,Technology,Phone,7,3552.9,0.0,776.12
ORD01137,2023-07-15,United States,Central,Ohio,Office Supplies,Binder,3,24.2,0.0,2.57
ORD01138,2024-04-07,United States,East,Virginia,Technology,Phone,4,1400.6,0.15,209.26
ORD01139,2025-04-14,United States,Central,Minnesota,Office Supplies,Storage,6,411.85,0.0,94.72
ORD01140,2025-12-24,United States,East,Virginia,Furniture,Table,5,795.85,0.0,114.07
ORD01141,2023-05-15,United States,East,Massachusetts,Office Supplies,Labels,2,34.26,0.2,9.45
ORD01142,2023-12-10,United States,West,Oregon,Technology,Phone,2,1360.52,0.05,335.8
ORD01143,2023-10-30,United States,South,Georgia,Furniture,Bookcase,6,1573.32,0.15,103.12
ORD01144,2023-03-19,United States,East,Massachusetts,Technology,Phone,5,1685.99,0.15,205.87
ORD01145,2024-03-05,United States,West,Oregon,Furniture,Bookcase,5,1656.81,0.15,109.77
ORD01146,2023-03-02,United States,Central,Minnesota,Technology,Printer,3,999.81,0.0,146.11
ORD01147,2024-05-02,United States,East,New York,Technology,Laptop,5,3840.24,0.3,-55.1
ORD01148,2025-08-06,United States,East,New York,Technology,Printer,1,139.03,0.3,-6.19
ORD01149,2023-10-26,United States,West,California,Furniture,Bookcase,4,2500.73,0.1,273.26
ORD01150,2024-01-20,United States,South,Florida,Technology,Printer,2,483.41,0.3,-24.09
ORD01151,2024-08-02,United States,West,Washington,Technology,Phone,4,2199.12,0.0,524.39
ORD01152,2023-06-18,United States,Central,Illinois,Furniture,Table,8,4471.52,0.2,42.49
ORD01153,2025-06-03,United States,West,Washington,Office Supplies,Binder,3,203.29,0.15,42.23
ORD01154,2025-09-20,United States,East,New York,Furniture,Desk,2,1337.04,0.0,143.23
ORD01155,2025-12-31,United States,Central,Ohio,Furniture,Bookcase,7,2152.01,0.0,497.19
ORD01156,2024-02-01,United States,West,California,Furniture,Chair,1,551.57,0.0,100.75
ORD01157,2023-05-10,United States,West,California,Office Supplies,Binder,3,189.55,0.0,59.03
ORD01158,2024-03-09,United States,South,Georgia,Technology,Accessories,3,445.61,0.1,128.84
ORD01159,2023-02-15,United States,East,Massachusetts,Office Supplies,Paper,6,197.89,0.0,39.17
ORD01160,2023-10-19,United States,West,Nevada,Furniture,Bookcase,2,1180.67,0.0,218.63
ORD01161,2025-07-10,United States,West,Washington,Office Supplies,Storage,1,99.65,0.2,16.7
ORD01162,2025-08-17,United States,Central,Illinois,Office Supplies,Binder,4,28.53,0.4,2.33
ORD01163,2024-05-22,United States,South,Georgia,Furniture,Table,4,3211.86,0.1,220.31
ORD01164,2025-09-09,United States,South,Florida,Office Supplies,Paper,4,181.09,0.0,35.56
ORD01165,2025-01-31,United States,Central,Colorado,Furniture,Chair,8,3690.81,0.1,427.46
ORD01166,2024-10-14,United States,East,New York,Furniture,Table,7,3241.5,0.1,233.53
ORD01167,2025-10-03,United States,East,Massachusetts,Office Supplies,Storage,7,351.38,,66.07
ORD01168,2024-09-26,United States,East,Virginia,Technology,Printer,5,615.95,0.0,109.6
ORD01169,2024-02-07,United States,South,Texas,Furniture,Chair,5,2707.99,0.0,339.6
ORD01170,2024-08-04,United States,South,North Carolina,Office Supplies,Labels,3,36.53,0.4,1.06
ORD01171,2023-05-15,United States,South,Florida,Furniture,Bookcase,3,1694.9,0.0,344.89
ORD01172,2025-09-26,United States,East,Massachusetts,Furniture,Desk,6,2179.93,0.4,-287.17
ORD01173,2024-07-15,United States,South,Florida,Office Supplies,Paper,1,32.03,0.3,0.79
ORD01174,2025-01-29,United States,West,Oregon,Office Supplies,Storage,2,356.14,0.0,76.9
ORD01175,2023-04-13,United States,Central,Ohio,Technology,Laptop,5,5524.31,0.2,50.19
ORD01176,2025-01-19,United States,West,California,Furniture,Desk,4,1455.32,0.0,228.02
ORD01177,2025-11-29,United States,East,Virginia,Office Supplies,Paper,1,28.58,0.05,6.63
ORD01178,2025-02-09,United States,East,New York,Technology,Laptop,4,3113.39,0.2,66.35
ORD01179,2024-08-24,United States,East,Massachusetts,Technology,Phone,5,2101.17,0.5,-298.12
ORD01180,2023-01-14,United States,Central,Illinois,Technology,Printer,8,1603.42,0.0,254.49
ORD01181,2024-05-12,United States,West,Nevada,Technology,Phone,5,3181.26,0.1,587.74
ORD01182,2024-04-30,United States,Central,Ohio,Furniture,Bookcase,2,668.74,0.2,55.82
ORD01183,2025-06-23,United States,South,North Carolina,Furniture,Chair,1,268.91,0.3,-8.04
ORD01184,2025-04-16,United States,East,New Jersey,Furniture,Bookcase,1,69.36,0.4,-6.04
ORD01185,2025-02-16,United States,East,New Jersey,Technology,Accessories,7,677.24,0.05,236.79
ORD01186,2024-03-23,United States,West,Nevada,Office Supplies,Paper,7,109.87,0.05,21.13
ORD01187,2024-09-17,United States,East,New York,Office Supplies,Binder,1,46.35,0.0,12.12
ORD01188,2023-06-04,United States,South,Georgia,Furniture,Chair,7,983.61,0.1,105.23
ORD01189,2023-10-11,United States,South,Georgia,Office Supplies,Paper,7,258.43,0.2,16.34
ORD01190,2025-01-23,United States,South,Florida,Technology,Printer,8,2811.6,0.1,264.67
ORD01191,2025-11-02,United States,East,Massachusetts,Technology,Accessories,5,378.95,0.2,88.37
ORD01192,2024-03-31,United States,West,Nevada,Office Supplies,Binder,5,261.7,0.2,44.71
ORD01193,2025-07-27,United States,West,Nevada,Office Supplies,Binder,6,125.76,0.0,37.1
ORD01194,2023-07-22,United States,East,New York,Office Supplies,Labels,2,16.69,0.0,4.05
ORD01195,2025-10-29,United States,Central,Minnesota,Furniture,Desk,5,3939.29,0.0,698.77
ORD01196,2023-12-30,United States,West,Nevada,Office Supplies,Binder,6,79.98,0.5,-9.11
ORD01197,2024-08-25,United States,Central,Colorado,Office Supplies,Binder,2,122.93,0.1,26.55
ORD01198,2025-11-21,United States,East,Virginia,Furniture,Bookcase,6,739.19,0.4,-68.75
ORD01199,2023-04-28,United States,South,North Carolina,Technology,Phone,7,3387.33,0.2,214.77
ORD01200,2025-03-25,United States,East,New Jersey,Office Supplies,Binder,4,127.64,0.0,37.98
ORD01201,2025-05-12,United States,South,North Carolina,Office Supplies,Storage,2,136.97,0.05,27.81
ORD01202,2024-09-02,United States,South,North Carolina,Furniture,Bookcase,2,1200.76,0.1,176.28
ORD01203,2025-10-20,United States,West,Nevada,Office Supplies,Storage,3,356.96,0.2,36.2
ORD01204,2024-04-18,United States,South,Florida,Technology,Laptop,4,5029.61,0.1,622.44
ORD01205,2025-08-15,United States,West,Oregon,Furniture,Desk,3,878.78,0.4,-129.06
ORD01206,2023-12-01,United States,South,Texas,Furniture,Table,4,911.06,0.15,48.33
ORD01207,2024-12-12,United States,Central,Ohio,Technology,Phone,3,2370.45,0.05,493.59
ORD01208,2024-03-20,United States,Central,Ohio,Technology,Phone,4,1500.37,0.4,-88.05
ORD01209,2023-08-07,United States,South,Texas,Office Supplies,Paper,6,85.33,0.0,13.11
ORD01210,2024-09-10,United States,South,North Carolina,Office Supplies,Binder,7,451.67,0.1,116.52
ORD01211,2025-06-27,United States,Central,Minnesota,Furniture,Desk,5,3313.1,0.15,45.9
ORD01212,2025-08-18,United States,East,Massachusetts,Furniture,Table,5,4341.86,0.0,816.43
ORD01213,2024-04-23,United States,East,New Jersey,Furniture,Chair,3,593.05,0.0,108.86
ORD01214,2023-06-30,United States,West,Nevada,Office Supplies,Paper,5,48.69,0.2,3.89
ORD01215,2023-09-01,United States,East,New York,Furniture,Chair,1,581.88,0.0,97.03
ORD01216,2025-04-22,United States,South,Georgia,Technology,Phone,8,5152.9,0.2,441.65
ORD01217,2024-08-06,United States,South,North Carolina,Furniture,Chair,5,1389.53,0.1,167.58
ORD01218,2025-05-02,United States,East,Virginia,Furniture,Chair,5,1028.44,0.05,177.11
ORD01219,2024-12-07,United States,East,New Jersey,Office Supplies,Binder,3,81.34,0.0,21.73
ORD01220,2024-04-03,United States,South,Florida,Technology,Phone,2,1528.61,0.15,140.43
ORD01221,2024-11-09,United States,East,Virginia,Office Supplies,Binder,3,112.9,0.0,30.22
ORD01222,2024-09-01,United States,East,New Jersey,Furniture,Bookcase,1,429.6,0.0,83.75
ORD01223,2023-07-28,United States,Central,Minnesota,Office Supplies,Storage,2,105.72,0.5,-4.52
ORD01224,2025-04-02,United States,West,Oregon,Technology,Accessories,5,431.4,0.4,24.53
ORD01225,2023-08-08,United States,West,Nevada,Technology,Printer,1,199.56,0.0,33.24
ORD01226,2024-04-05,United States,West,Oregon,Furniture,Chair,5,565.48,0.4,-46.08
ORD01227,2024-05-29,United States,East,New York,Office Supplies,Binder,3,233.75,0.0,62.48
ORD01228,2023-03-21,United States,West,Nevada,Office Supplies,Labels,2,14.86,0.0,1.89
ORD01229,2024-01-09,United States,East,Virginia,Technology,Phone,3,1145.27,0.0,248.51
ORD01230,2024-06-10,United States,East,Massachusetts,Furniture,Desk,7,1374.59,0.1,150.7
ORD01231,2025-01-29,United States,West,Oregon,Technology,Laptop,6,7023.74,0.0,1456.62
ORD01232,2023-04-14,United States,East,New Jersey,Furniture,Desk,8,3504.85,0.1,346.32
ORD01233,2024-02-15,United States,Central,Illinois,Furniture,Bookcase,8,1991.53,0.2,98.06
ORD01234,2025-07-25,United States,Central,Illinois,Technology,Phone,8,5626.1,0.0,1274.85
ORD01235,2023-07-17,United States,Central,Minnesota,Furniture,Table,5,1070.1,0.3,-54.06
ORD01236,2025-06-28,United States,Central,Colorado,Technology,Printer,2,341.99,0.0,50.17
ORD01237,2024-11-08,United States,East,Massachusetts,Technology,Phone,7,2236.97,0.05,376.71
ORD01238,2024-11-09,United States,West,Washington,Furniture,Bookcase,6,1501.5,0.1,177.89
ORD01239,2024-12-04,United States,Central,Minnesota,Furniture,Bookcase,7,1636.27,0.0,334.1
ORD01240,2024-02-19,United States,Central,Ohio,Furniture,Table,5,3831.02,0.1,406.46
ORD01241,2024-03-07,United States,West,Oregon,Office Supplies,Paper,3,51.53,0.4,-5.31
ORD01242,2023-03-16,United States,Central,Colorado,Furniture,Chair,3,925.18,0.15,46.38
ORD01243,2024-11-22,United States,South,North Carolina,Technology,Printer,4,491.89,0.3,-36.26
ORD01244,2024-07-05,United States,Central,Minnesota,Office Supplies,Labels,6,100.66,0.0,30.48
ORD01245,2023-06-12,United States,East,New Jersey,Office Supplies,Storage,5,268.28,0.0,64.55
ORD01246,2023-04-07,United States,South,Texas,Furniture,Desk,4,2536.51,0.0,408.85
ORD01247,2024-08-12,United States,West,Washington,Technology,Laptop,6,5880.17,0.15,436.97
ORD01248,2025-11-29,United States,South,Georgia,Technology,Accessories,1,54.53,0.05,9.91
ORD01249,2024-04-03,United States,East,New Jersey,Office Supplies,Paper,3,44.74,0.1,1.23
ORD01250,2023-09-23,United States,Central,Ohio,Technology,Printer,4,386.3,0.3,-32.16
ORD01251,2025-01-19,United States,West,Nevada,Office Supplies,Labels,6,166.11,0.0,49.03
ORD01252,2025-04-25,United States,Central,Ohio,Office Supplies,Paper,1,20.01,0.0,3.73
ORD01253,2025-06-19,United States,East,New Jersey,Office Supplies,Storage,1,83.46,0.0,25.87
ORD01254,2023-12-13,United States,West,Nevada,Furniture,Bookcase,8,1476.4,0.0,318.75
ORD01255,2024-08-17,United States,South,North Carolina,Technology,Printer,6,1058.58,0.0,182.99
ORD01256,2024-07-28,United States,Central,Illinois,Technology,Accessories,7,209.32,0.4,20.08
ORD01257,2023-04-03,United States,Central,Ohio,Technology,Printer,6,1153.97,0.3,-51.15
ORD01258,2023-06-28,United States,Central,Colorado,Furniture,Desk,7,3449.14,0.0,615.7
ORD01259,2024-04-27,United States,West,Washington,Technology,Accessories,4,566.35,0.05,180.93
ORD01260,2024-11-06,United States,Central,Illinois,Furniture,Table,1,368.89,0.0,74.85
ORD01261,2024-01-06,United States,Central,Minnesota,Technology,Printer,6,1859.05,0.15,178.31
ORD01262,2025-06-12,United States,South,Georgia,Furniture,Chair,8,646.4,0.05,89.53
ORD01263,2024-04-07,United States,West,Oregon,Furniture,Table,8,4800.17,0.2,174.14
ORD01264,2023-01-02,United States,South,Florida,Furniture,Chair,1,99.19,0.3,-3.11
ORD01265,2024-08-01,United States,South,Texas,Office Supplies,Labels,1,8.12,0.3,1.17
ORD01266,2024-01-27,United States,East,New Jersey,Technology,Phone,8,5315.68,0.2,496.23
ORD01267,2025-01-14,United States,South,Texas,Office Supplies,Paper,5,82.37,0.15,3.56
ORD01268,2025-03-06,United States,South,Florida,Furniture,Desk,5,3356.12,0.1,243.16
ORD01269,2025-12-10,United States,East,New Jersey,Technology,Accessories,7,997.91,0.2,188.11
ORD01270,2023-05-19,United States,Central,Illinois,Office Supplies,Binder,4,218.59,0.0,65.24
ORD01271,2025-06-30,United States,South,Georgia,Office Supplies,Storage,5,78.48,0.0,20.97
ORD01272,2025-07-07,United States,South,North Carolina,Office Supplies,Paper,4,147.81,0.1,17.28
ORD01273,2023-01-19,United States,Central,Illinois,Technology,Printer,1,386.29,0.0,64.36
ORD01274,2025-05-22,United States,Central,Colorado,Technology,Accessories,6,689.53,0.0,246.15
ORD01275,2023-07-21,United States,East,New Jersey,Office Supplies,Binder,6,45.26,0.3,3.51
ORD01276,2023-07-28,United States,West,Oregon,Office Supplies,Paper,5,59.95,0.4,-9.55
ORD01277,2025-05-11,United States,West,Washington,Furniture,Chair,4,652.73,0.05,71.38
ORD01278,2025-02-11,United States,South,Georgia,Office Supplies,Paper,3,47.99,0.0,12.09
ORD01279,2025-12-29,United States,West,Washington,Furniture,Bookcase,8,2012.47,0.2,162.96
ORD01280,2025-04-06,United States,West,Oregon,Technology,Laptop,4,2404.8,0.5,-382.29
ORD01281,2025-01-23,United States,West,California,Technology,Printer,1,251.23,0.0,40.28
ORD01282,2025-10-29,United States,West,California,Technology,Accessories,1,130.37,0.0,47.72
ORD01283,2025-11-15,United States,West,Washington,Technology,Phone,8,3940.0,0.0,861.18
ORD01284,2024-01-29,United States,West,Oregon,Office Supplies,Binder,2,113.33,0.05,29.95
ORD01285,2024-07-17,United States,South,Texas,Office Supplies,Binder,1,16.32,0.0,6.3
ORD01286,2025-01-11,United States,West,Oregon,Technology,Laptop,3,2609.95,0.1,408.62
ORD01287,2024-06-23,United States,South,Georgia,Office Supplies,Labels,8,62.64,0.3,0.07
ORD01288,2023-08-26,United States,West,Oregon,Technology,Phone,8,5496.84,0.2,480.94
ORD01289,2023-01-06,United States,South,Georgia,Furniture,Table,7,2575.97,0.3,-176.01
ORD01290,2024-04-01,United States,Central,Ohio,Furniture,Table,4,2163.91,0.2,-20.86
ORD01291,2023-08-21,United States,East,New York,Technology,Printer,1,132.18,0.15,7.14
ORD01292,2025-08-29,United States,East,Virginia,Office Supplies,Storage,6,750.02,0.0,179.56
ORD01293,2025-01-28,United States,West,California,Furniture,Bookcase,3,439.26,0.1,64.53
ORD01294,2024-05-23,United States,Central,Colorado,Furniture,Chair,6,383.62,0.15,22.24
ORD01295,2025-10-21,United States,South,Florida,Technology,Accessories,4,636.76,0.2,133.75
ORD01296,2025-07-03,United States,East,Virginia,Technology,Laptop,2,1297.68,0.4,-102.23
ORD01297,2023-04-13,United States,West,Oregon,Furniture,Chair,5,819.89,0.0,135.25
ORD01298,2023-05-18,United States,Central,Ohio,Technology,Accessories,2,110.19,0.0,37.9
ORD01299,2025-04-08,United States,South,Florida,Technology,Laptop,6,5660.03,0.0,941.53
ORD01300,2025-06-17,United States,East,Massachusetts,Furniture,Chair,2,796.4,0.2,36.81
ORD01301,2025-06-05,United States,Central,Ohio,Technology,Phone,3,1657.38,0.15,198.49
ORD01302,2025-07-21,United States,East,New York,Office Supplies,Binder,3,104.92,0.5,-12.38
ORD01303,2023-08-16,United States,East,New York,Technology,Printer,3,615.95,0.2,10.08
ORD01304,2023-11-15,United States,Central,Colorado,Furniture,Table,7,841.68,0.4,-91.53
ORD01305,2025-04-28,United States,Central,Illinois,Office Supplies,Paper,3,125.85,0.0,21.24
ORD01306,2025-10-31,United States,West,California,Technology,Accessories,4,172.89,0.0,58.03
ORD01307,2024-02-24,United States,South,Texas,Technology,Printer,6,1517.93,0.05,184.49
ORD01308,2025-04-25,United States,Central,Ohio,Furniture,Desk,2,1061.66,0.0,137.7
ORD01309,2024-11-18,United States,South,Texas,Furniture,Chair,3,207.58,0.4,-31.06
ORD01310,2025-09-03,United States,West,Washington,Furniture,Bookcase,7,3566.04,0.0,729.41
ORD01311,2023-03-09,United States,Central,Minnesota,Office Supplies,Storage,4,243.99,0.3,11.63
ORD01312,2023-06-24,United States,East,New York,Technology,Phone,6,4066.75,0.05,871.9
ORD01313,2025-09-24,United States,East,New Jersey,Technology,Phone,8,5073.14,0.0,1342.27
ORD01314,2023-06-26,United States,Central,Illinois,Furniture,Desk,6,4334.72,0.05,778.15
ORD01315,2025-04-21,United States,West,Washington,Furniture,Chair,6,2900.62,0.05,520.38
ORD01316,2024-02-25,United States,South,North Carolina,Furniture,Bookcase,5,854.14,0.3,23.82
ORD01317,2023-02-11,United States,West,Nevada,Technology,Printer,6,1839.81,0.0,246.43
ORD01318,2024-11-05,United States,South,Florida,Office Supplies,Binder,6,120.64,0.15,29.25
ORD01319,2024-10-27,United States,West,Nevada,Office Supplies,Labels,7,98.21,0.0,25.54
ORD01320,2024-03-24,United States,Central,Colorado,Technology,Phone,7,4287.6,0.15,359.23
ORD01321,2025-03-12,United States,South,Florida,Technology,Printer,1,237.0,0.1,20.65
ORD01322,2025-03-25,United States,West,Oregon,Furniture,Desk,4,1796.5,0.4,-302.24
ORD01323,2023-07-27,United States,East,New Jersey,Furniture,Table,6,5032.74,0.05,710.56
ORD01324,2025-09-25,United States,South,Texas,Technology,Printer,5,712.49,0.3,-26.51
ORD01325,2025-06-23,United States,Central,Colorado,Technology,Laptop,6,5454.11,0.0,982.77
ORD01326,2024-11-19,United States,East,Virginia,Furniture,Bookcase,1,667.71,0.0,149.59
ORD01327,2023-06-18,United States,South,Florida,Furniture,Chair,5,2839.79,0.0,392.97
ORD01328,2023-02-18,United States,South,Georgia,Furniture,Bookcase,6,915.94,0.15,44.78
ORD01329,2024-09-04,United States,East,Virginia,Office Supplies,Binder,4,231.41,0.0,66.36
ORD01330,2025-07-16,United States,East,New York,Furniture,Bookcase,4,721.63,0.0,157.23
ORD01331,2025-07-01,United States,East,New York,Furniture,Desk,8,6889.14,0.0,957.76
ORD01332,2023-09-27,United States,East,Massachusetts,Office Supplies,Storage,8,643.92,0.05,131.87
ORD01333,2023-08-30,United States,West,Oregon,Office Supplies,Storage,3,341.2,0.3,-2.68
ORD01334,2025-01-08,United States,West,California,Technology,Phone,6,1206.38,0.4,-69.39
ORD01335,2024-02-26,United States,Central,Minnesota,Technology,Laptop,1,1000.03,0.2,70.87
ORD01336,2025-01-13,United States,South,North Carolina,Office Supplies,Storage,2,109.08,0.0,24.5
ORD01337,2025-04-02,United States,West,Nevada,Furniture,Table,7,2694.93,0.0,492.13
ORD01338,2023-12-31,United States,Central,Minnesota,Technology,Phone,3,1346.74,0.0,292.37
ORD01339,2024-07-14,United States,East,New York,Technology,Printer,2,262.45,0.2,
ORD01340,2023-10-23,United States,South,North Carolina,Office Supplies,Paper,3,74.13,0.0,14.19
ORD01341,2025-02-26,United States,East,New York,Furniture,Table,7,1373.38,0.2,62.36
ORD01342,2024-02-19,United States,South,North Carolina,Office Supplies,Storage,1,73.05,0.5,-6.19
ORD01343,2024-01-16,United States,West,California,Furniture,Desk,6,3025.45,0.3,-44.85
ORD01344,2025-07-28,United States,South,Florida,Technology,Printer,5,870.92,0.0,132.44
ORD01345,2023-07-16,United States,Central,Ohio,Technology,Accessories,1,146.54,0.0,52.9
ORD01346,2023-10-10,United States,East,Virginia,Furniture,Table,5,2832.89,0.3,-106.36
ORD01347,2025-11-24,United States,West,Oregon,Furniture,Desk,7,3580.68,0.0,610.5
ORD01348,2024-02-10,United States,West,Nevada,Technology,Accessories,2,283.98,0.0,93.65
ORD01349,2025-05-25,United States,West,Nevada,Office Supplies,Storage,5,455.1,0.05,79.23
ORD01350,2025-06-05,United States,Central,Ohio,Office Supplies,Binder,4,145.36,0.2,19.3
ORD01351,2024-07-20,United States,South,North Carolina,Furniture,Desk,4,576.83,0.2,29.0
ORD01352,2024-01-07,United States,East,Massachusetts,Furniture,Desk,4,451.88,0.0,61.3
ORD01353,2025-02-18,United States,West,Oregon,Technology,Phone,4,3306.02,0.0,735.39
ORD01354,2023-03-10,United States,East,Virginia,Technology,Accessories,4,724.73,0.05,185.06
ORD01355,2025-02-12,United States,Central,Minnesota,Office Supplies,Paper,7,122.43,0.1,14.95
ORD01356,2023-02-23,United States,West,Nevada,Office Supplies,Storage,8,1125.83,0.0,297.96
ORD01357,2024-04-17,United States,West,Oregon,Technology,Printer,8,1846.99,0.0,259.99
ORD01358,2025-12-29,United States,West,California,Office Supplies,Binder,6,160.56,0.4,5.34
ORD01359,2025-12-09,United States,South,Georgia,Furniture,Bookcase,4,417.81,0.1,64.38
ORD01360,2025-05-01,United States,Central,Colorado,Furniture,Desk,7,2058.17,0.15,130.71
ORD01361,2025-05-06,United States,West,California,Technology,Phone,8,4135.88,0.4,-257.25
ORD01362,2025-03-25,United States,South,North Carolina,Technology,Laptop,6,5645.38,0.1,765.25
ORD01363,2023-11-18,United States,Central,Illinois,Office Supplies,Storage,4,537.77,0.2,77.28
ORD01364,2025-09-20,United States,West,California,Technology,Laptop,1,962.96,0.05,167.61
ORD01365,2024-10-14,United States,East,New Jersey,Furniture,Desk,1,576.44,0.0,87.67
ORD01366,2023-12-28,United States,East,Massachusetts,Furniture,Bookcase,3,879.37,0.0,190.0
ORD01367,2023-06-24,United States,Central,Illinois,Furniture,Desk,6,1043.45,0.5,-242.95
ORD01368,2024-05-10,United States,East,Virginia,Furniture,Desk,2,172.62,0.2,-0.38
ORD01369,2024-05-08,United States,South,Texas,Office Supplies,Labels,5,27.97,0.3,5.86
ORD01370,2025-08-11,United States,East,New Jersey,Office Supplies,Storage,5,458.26,0.0,94.16
ORD01371,2024-08-27,United States,South,Texas,Office Supplies,Storage,1,128.49,0.15,16.71
ORD01372,2024-02-15,United States,West,Washington,Technology,Accessories,4,132.54,0.4,6.25
ORD01373,2025-04-27,United States,West,California,Furniture,Bookcase,5,849.15,0.2,9.17
ORD01374,2024-12-17,United States,South,Texas,Office Supplies,Binder,8,300.68,0.0,80.48
ORD01375,2024-04-30,United States,West,Nevada,Office Supplies,Storage,1,139.46,0.0,35.44
ORD01376,2025-11-06,United States,Central,Ohio,Furniture,Desk,7,4522.72,0.1,274.54
ORD01377,2025-12-21,United States,South,North Carolina,Furniture,Bookcase,7,1945.29,0.15,191.26
ORD01378,2024-01-07,United States,Central,Illinois,Furniture,Desk,5,1060.25,0.0,173.9
ORD01379,2023-04-16,United States,East,New Jersey,Office Supplies,Labels,5,138.59,0.0,38.02
ORD01380,2024-11-16,United States,Central,Minnesota,Office Supplies,Binder,6,30.54,0.3,7.78
ORD01381,2024-10-26,United States,West,Oregon,Technology,Printer,6,1214.89,0.15,43.02
ORD01382,2025-01-10,United States,South,Texas,Technology,Printer,3,383.18,0.4,-36.24
ORD01383,2023-03-13,United States,South,Georgia,Technology,Printer,5,921.71,0.15,40.53
ORD01384,2023-11-04,United States,Central,Illinois,Furniture,Bookcase,3,628.16,0.0,150.96
ORD01385,2023-03-30,United States,Central,Illinois,Technology,Printer,7,2157.61,0.0,290.81
ORD01386,2023-07-12,United States,East,New Jersey,Office Supplies,Binder,8,519.32,0.05,155.04
ORD01387,2024-03-28,United States,East,New York,Furniture,Chair,6,485.77,0.0,83.57
ORD01388,2024-05-22,United States,West,Nevada,Office Supplies,Binder,5,289.17,0.2,38.89
ORD01389,2024-03-21,United States,Central,Illinois,Office Supplies,Paper,1,16.17,0.0,3.93
ORD01390,2025-03-15,United States,South,Florida,Technology,Accessories,6,761.51,0.0,244.23
ORD01391,2024-01-05,United States,South,Florida,Technology,Laptop,2,1907.57,0.0,283.14
ORD01392,2023-11-23,United States,East,New Jersey,Technology,Phone,5,3022.11,0.1,304.97
ORD01393,2024-10-19,United States,West,Oregon,Office Supplies,Labels,4,100.86,0.1,19.71
ORD01394,2025-01-10,United States,East,New York,Office Supplies,Binder,4,81.85,0.0,27.62
ORD01395,2023-09-28,United States,West,California,Furniture,Chair,5,937.74,0.4,-128.82
ORD01396,2023-05-04,United States,West,Oregon,Technology,Printer,4,761.89,0.0,128.95
ORD01397,2025-03-13,United States,South,North Carolina,Technology,Laptop,5,4958.51,0.1,670.76
ORD01398,2025-12-03,United States,West,Washington,Office Supplies,Paper,4,106.36,0.0,15.77
ORD01399,2024-03-16,United States,Central,Minnesota,Office Supplies,Labels,1,15.14,0.0,3.68
ORD01400,2024-09-05,United States,West,California,Technology,Accessories,1,114.97,0.0,41.02
ORD01401,2024-11-15,United States,South,Texas,Office Supplies,Labels,2,31.48,0.0,12.45
ORD01402,2025-07-13,United States,Central,Minnesota,Office Supplies,Paper,1,24.94,0.1,-4.12
ORD01403,2023-01-13,United States,East,Massachusetts,Furniture,Chair,6,1033.65,0.2,7.82
ORD01404,2023-05-22,United States,East,Virginia,Furniture,Chair,7,1387.45,0.0,340.18
ORD01405,2025-10-04,United States,South,Florida,Furniture,Desk,5,2008.82,0.15,106.96
ORD01406,2024-06-24,United States,West,California,Furniture,Chair,6,1930.08,0.05,132.4
ORD01407,2024-07-29,United States,Central,Colorado,Furniture,Bookcase,6,2769.23,0.1,442.01
ORD01408,2023-09-25,United States,South,Texas,Office Supplies,Paper,5,244.33,0.0,50.05
ORD01409,2024-04-15,United States,East,Massachusetts,Furniture,Table,4,925.92,0.15,61.74
ORD01410,2023-06-10,United States,Central,Ohio,Furniture,Table,7,944.02,0.0,154.97
ORD01411,2024-12-24,United States,South,Florida,Furniture,Chair,4,1938.06,0.15,111.14
ORD01412,2023-12-09,United States,East,New York,Furniture,Chair,7,1216.67,0.0,185.53
ORD01413,2025-08-13,United States,Central,Illinois,Furniture,Desk,5,2554.8,0.0,363.06
ORD01414,2025-01-04,United States,East,Massachusetts,Furniture,Table,6,5003.05,0.0,703.39
ORD01415,2023-02-22,United States,Central,Ohio,Technology,Laptop,3,2502.43,0.15,190.0
ORD01416,2023-09-12,United States,South,Florida,Technology,Accessories,7,829.99,0.0,295.61
ORD01417,2023-05-21,United States,East,Massachusetts,Furniture,Desk,5,2573.17,0.0,403.57
ORD01418,2025-03-15,United States,Central,Ohio,Furniture,Desk,3,1235.45,0.15,55.94
ORD01419,2023-05-12,United States,Central,Illinois,Technology,Phone,6,2904.17,0.2,139.86
ORD01420,2023-06-18,United States,East,Massachusetts,Office Supplies,Storage,5,380.02,0.0,91.19
ORD01421,2025-05-22,United States,Central,Illinois,Technology,Phone,2,1032.39,0.0,205.95
ORD01422,2024-08-22,United States,South,Florida,Office Supplies,Paper,7,290.22,0.1,23.37
ORD01423,2023-08-03,United States,East,New Jersey,Office Supplies,Labels,3,44.4,0.1,12.49
ORD01424,2023-05-04,United States,East,New Jersey,Office Supplies,Labels,5,58.3,0.2,10.5
ORD01425,2023-04-14,United States,Central,Ohio,Office Supplies,Paper,1,28.22,0.05,5.61
ORD01426,2025-04-22,United States,East,Massachusetts,Office Supplies,Labels,6,69.58,0.2,14.22
ORD01427,2025-07-14,United States,East,Massachusetts,Technology,Accessories,3,383.18,0.0,130.19
ORD01428,2024-01-02,United States,Central,Colorado,Office Supplies,Binder,2,62.36,0.0,19.83
ORD01429,2023-11-04,United States,West,Oregon,Furniture,Chair,5,576.3,0.2,
ORD01430,2023-01-20,United States,Central,Minnesota,Office Supplies,Storage,3,240.56,0.4,-14.67
ORD01431,2024-11-12,United States,East,Massachusetts,Furniture,Chair,5,461.0,0.3,-6.31
ORD01432,2025-08-21,United States,East,New Jersey,Office Supplies,Binder,4,18.69,0.2,1.06
ORD01433,2023-08-12,United States,East,Massachusetts,Technology,Laptop,3,3589.05,0.0,573.63
ORD01434,2023-05-04,United States,East,New York,Technology,Accessories,1,62.89,0.0,22.75
ORD01435,2025-05-19,United States,West,California,Office Supplies,Paper,8,310.61,0.2,13.34
ORD01436,2025-02-22,United States,West,Washington,Furniture,Bookcase,4,1420.36,0.15,105.33
ORD01437,2023-08-03,United States,Central,Ohio,Office Supplies,Storage,4,389.46,0.4,-16.57
ORD01438,2024-01-24,United States,East,New York,Technology,Accessories,4,232.38,0.5,-9.51
ORD01439,2023-05-26,United States,East,Virginia,Office Supplies,Binder,1,54.35,0.0,16.51
ORD01440,2023-08-11,United States,West,Oregon,Technology,Accessories,2,139.67,0.4,6.35
ORD01441,2023-10-12,United States,West,Washington,Furniture,Chair,4,580.66,0.3,-12.86
ORD01442,2023-02-25,United States,South,North Carolina,Office Supplies,Binder,2,67.37,0.2,6.55
ORD01443,2023-05-24,United States,East,Virginia,Furniture,Bookcase,2,1265.24,0.0,256.97
ORD01444,2024-07-06,United States,West,Washington,Technology,Printer,8,2079.61,0.0,416.85
ORD01445,2024-04-16,United States,East,New Jersey,Furniture,Bookcase,8,5541.79,0.0,1188.99
ORD01446,2023-03-06,United States,East,New Jersey,Furniture,Desk,6,3426.83,0.0,471.14
ORD01447,2023-11-01,United States,West,Oregon,Technology,Printer,6,2009.87,0.15,63.08
ORD01448,2024-12-25,United States,South,North Carolina,Furniture,Chair,8,3567.47,0.2,45.12
ORD01449,2024-04-23,United States,South,North Carolina,Technology,Phone,5,2912.19,0.0,709.93
ORD01450,2025-07-23,United States,Central,Ohio,Technology,Printer,5,1131.64,0.0,161.8
ORD01451,2025-10-08,United States,East,New Jersey,Technology,Phone,7,3895.63,0.2,416.1
ORD01452,2023-08-08,United States,South,North Carolina,Technology,Phone,6,1725.4,0.3,8.35
ORD01453,2024-09-28,United States,Central,Illinois,Office Supplies,Binder,3,32.36,0.0,10.63
ORD01454,2024-09-04,United States,West,Nevada,Office Supplies,Binder,7,225.75,0.15,34.0
ORD01455,2024-12-14,United States,East,Massachusetts,Office Supplies,Labels,5,83.17,0.1,21.12
ORD01456,2024-03-19,United States,West,California,Technology,Laptop,5,2737.3,0.4,-196.48
ORD01457,2025-10-01,United States,West,Oregon,Technology,Phone,6,3606.4,0.3,59.65
ORD01458,2025-10-17,United States,East,New Jersey,Furniture,Desk,5,2927.78,0.2,-20.17
ORD01459,2025-09-21,United States,South,Georgia,Furniture,Bookcase,6,1248.52,0.2,35.49
ORD01460,2024-12-02,United States,South,Texas,Furniture,Table,4,3201.35,0.15,208.84
ORD01461,2024-12-10,United States,Central,Illinois,Furniture,Bookcase,2,434.42,0.0,92.69
ORD01462,2025-04-05,United States,Central,Minnesota,Technology,Phone,1,428.98,0.3,-7.12
ORD01463,2023-12-01,United States,Central,Minnesota,Technology,Accessories,5,305.14,0.1,78.38
ORD01464,2025-12-10,United States,Central,Illinois,Office Supplies,Paper,1,30.22,0.15,0.51
ORD01465,2024-05-24,United States,West,Oregon,Furniture,Chair,6,3026.63,0.05,204.34
ORD01466,2024-06-01,United States,Central,Illinois,Office Supplies,Paper,8,63.61,0.3,3.88
ORD01467,2023-11-23,United States,Central,Ohio,Furniture,Table,1,746.32,0.0,129.75
ORD01468,2024-03-07,United States,West,Nevada,Furniture,Bookcase,3,1720.85,0.15,168.74
ORD01469,2023-02-03,United States,Central,Illinois,Furniture,Table,3,1021.17,0.1,87.76
ORD01470,2024-09-14,United States,South,Georgia,Furniture,Table,8,6098.22,0.2,321.94
ORD01471,2023-11-13,United States,West,Oregon,Office Supplies,Labels,7,107.95,0.4,-3.6
ORD01472,2025-07-26,United States,Central,Minnesota,Technology,Laptop,6,6092.25,0.1,1059.49
ORD01473,2024-02-20,United States,West,Washington,Office Supplies,Labels,7,153.56,0.0,50.0
ORD01474,2023-04-11,United States,Central,Ohio,Furniture,Table,5,2663.97,0.0,437.78
ORD01475,2024-11-02,United States,South,Georgia,Furniture,Desk,5,1517.46,0.3,-129.78
ORD01476,2024-10-11,United States,South,Texas,Office Supplies,Labels,3,45.89,0.2,5.7
ORD01477,2024-06-07,United States,West,Nevada,Furniture,Desk,6,872.82,0.2,1.11
ORD01478,2024-05-03,United States,East,New Jersey,Technology,Printer,7,1106.16,0.0,157.91
ORD01479,2025-08-22,United States,Central,Illinois,Office Supplies,Storage,4,221.8,0.15,37.11
ORD01480,2025-01-25,United States,East,New Jersey,Technology,Accessories,3,238.66,0.1,76.91
ORD01481,2024-11-07,United States,South,Florida,Office Supplies,Paper,4,64.09,0.2,-0.07
ORD01482,2024-09-28,United States,South,Florida,Office Supplies,Binder,4,210.71,0.3,21.03
ORD01483,2024-02-14,United States,South,North Carolina,Technology,Printer,3,763.01,0.0,111.86
ORD01484,2023-10-24,United States,South,North Carolina,Technology,Accessories,6,336.49,0.0,
ORD01485,2023-06-23,United States,East,New York,Technology,Printer,6,1379.06,0.2,49.26
ORD01486,2024-11-19,United States,Central,Illinois,Office Supplies,Labels,8,76.6,0.1,17.42
ORD01487,2025-03-04,United States,Central,Illinois,Furniture,Desk,7,2076.31,0.05,186.79
ORD01488,2024-06-27,United States,West,Oregon,Office Supplies,Paper,1,36.95,0.2,3.73
ORD01489,2025-07-29,United States,South,North Carolina,Technology,Laptop,7,4584.12,0.4,-501.96
ORD01490,2025-06-09,United States,East,Virginia,Technology,Phone,5,1453.42,0.15,142.88
ORD01491,2024-12-10,United States,East,New Jersey,Office Supplies,Labels,8,96.5,0.3,6.25
ORD01492,2024-06-26,United States,Central,Colorado,Furniture,Chair,7,3749.3,0.1,402.5
ORD01493,2024-11-20,United States,East,New Jersey,Technology,Laptop,2,1529.64,0.2,88.49
ORD01494,2023-07-16,United States,West,Nevada,Office Supplies,Paper,6,66.44,0.0,15.6
ORD01495,2025-04-30,United States,South,North Carolina,Furniture,Bookcase,6,840.2,0.1,108.5
ORD01496,2025-06-21,United States,South,North Carolina,Furniture,Bookcase,7,3196.75,0.1,452.02
ORD01497,2025-12-04,United States,South,Florida,Technology,Laptop,3,2716.98,0.15,103.5
ORD01498,2025-07-03,United States,South,Florida,Furniture,Desk,6,1708.66,0.3,-73.34
ORD01499,2023-08-24,United States,East,New York,Technology,Phone,8,3475.94,0.0,858.52
ORD01500,2024-12-13,United States,West,California,Office Supplies,Labels,5,94.96,0.1,17.87
ORD01501,2024-07-21,United States,East,New York,Furniture,Chair,6,1075.71,0.0,153.75
ORD01502,2024-10-31,United States,East,New Jersey,Office Supplies,Paper,8,104.69,0.15,5.67
ORD01503,2024-01-22,United States,South,Florida,Technology,Laptop,2,1721.1,0.15,103.24
ORD01504,2024-03-31,United States,Central,Illinois,Technology,Phone,2,485.27,0.3,-2.16
ORD01505,2024-11-18,United States,East,New Jersey,Office Supplies,Paper,6,39.04,0.5,-5.47
ORD01506,2023-03-15,United States,West,Washington,Technology,Laptop,1,1069.93,0.2,53.99
ORD01507,2024-09-29,United States,South,Texas,Office Supplies,Paper,7,147.38,0.0,30.66
ORD01508,2024-11-08,United States,South,North Carolina,Technology,Laptop,3,3112.17,0.1,360.35
ORD01509,2023-05-28,United States,South,North Carolina,Office Supplies,Labels,5,25.65,0.0,11.69
ORD01510,2023-09-26,United States,East,New Jersey,Furniture,Table,8,4705.67,0.15,166.04
ORD01511,2025-02-20,United States,Central,Illinois,Technology,Printer,6,1125.73,0.3,-90.06
ORD01512,2023-12-10,United States,West,Nevada,Office Supplies,Binder,4,243.03,0.0,80.74
ORD01513,2025-11-09,United States,East,New York,Furniture,Table,1,256.34,0.0,40.99
ORD01514,2024-11-30,United States,East,Virginia,Office Supplies,Storage,2,15.79,0.5,-2.13
ORD01515,2024-02-13,United States,West,Oregon,Technology,Phone,6,4559.31,,774.12
ORD01516,2023-10-04,United States,West,Nevada,Furniture,Desk,3,1468.34,0.3,-84.54
ORD01517,2024-01-28,United States,Central,Colorado,Technology,Accessories,3,410.47,0.0,138.17
ORD01518,2025-10-05,United States,East,Virginia,Office Supplies,Binder,6,220.07,0.4,10.02
ORD01519,2023-09-08,United States,East,New York,Office Supplies,Binder,1,21.34,0.05,3.79
ORD01520,2024-12-30,United States,East,Massachusetts,Office Supplies,Binder,6,242.97,0.05,69.95
ORD01521,2025-06-11,United States,Central,Ohio,Technology,Phone,6,3329.52,0.0,711.7
ORD01522,2025-11-26,United States,Central,Illinois,Office Supplies,Paper,6,82.1,0.2,3.39
ORD01523,2025-08-04,United States,East,New York,Furniture,Bookcase,2,929.38,0.2,69.27
ORD01524,2023-03-17,United States,South,Texas,Technology,Accessories,7,301.91,0.2,69.76
ORD01525,2023-12-21,United States,Central,Colorado,Office Supplies,Paper,6,144.48,0.3,-3.86
ORD01526,2024-01-20,United States,South,Georgia,Technology,Accessories,5,850.76,0.1,230.59
ORD01527,2023-01-10,United States,West,Nevada,Furniture,Bookcase,3,1208.85,0.15,112.81
ORD01528,2024-05-31,United States,West,Nevada,Furniture,Desk,4,1048.98,0.0,117.23
ORD01529,2024-07-10,United States,Central,Minnesota,Office Supplies,Storage,6,274.13,0.1,30.86
ORD01530,2025-03-12,United States,East,New Jersey,Furniture,Chair,4,1281.18,0.0,218.7
ORD01531,2024-03-22,United States,South,Florida,Furniture,Bookcase,6,2749.51,0.3,46.39
ORD01532,2025-12-31,United States,West,Oregon,Technology,Phone,8,2282.27,0.3,42.44
ORD01533,2024-09-30,United States,South,North Carolina,Technology,Printer,7,1763.62,0.1,83.39
ORD01534,2023-04-26,United States,Central,Colorado,Technology,Phone,1,683.41,0.0,142.1
ORD01535,2025-08-11,United States,South,Florida,Technology,Phone,3,956.64,0.0,170.95
ORD01536,2024-06-19,United States,Central,Minnesota,Technology,Printer,4,1314.89,0.1,150.3
ORD01537,2024-03-29,United States,South,Texas,Technology,Laptop,7,5860.67,0.2,246.04
ORD01538,2025-10-10,United States,West,California,Technology,Accessories,5,219.82,0.2,45.92
ORD01539,2025-01-24,United States,South,Florida,Office Supplies,Labels,6,115.29,0.1,25.05
ORD01540,2024-10-09,United States,Central,Colorado,Furniture,Desk,1,118.54,0.0,18.53
ORD01541,2023-01-14,United States,West,Washington,Furniture,Bookcase,1,658.36,0.0,141.78
ORD01542,2025-10-17,United States,East,New Jersey,Technology,Accessories,8,886.1,0.0,300.07
ORD01543,2025-04-03,United States,West,California,Furniture,Chair,8,1901.12,0.0,418.59
ORD01544,2024-07-25,United States,South,Texas,Furniture,Table,3,773.15,0.2,28.22
ORD01545,2025-03-18,United States,East,New Jersey,Technology,Printer,4,513.81,0.0,102.48
ORD01546,2023-12-20,United States,South,Texas,Technology,Laptop,4,3977.03,0.1,497.58
ORD01547,2024-11-08,United States,East,New Jersey,Furniture,Bookcase,3,1182.87,0.4,-53.38
ORD01548,2024-02-23,United States,East,Massachusetts,Technology,Phone,5,1587.59,0.0,231.05
ORD01549,2023-10-28,United States,Central,Illinois,Furniture,Chair,1,458.62,0.0,87.61
ORD01550,2024-06-19,United States,East,Massachusetts,Technology,Laptop,6,5841.2,0.3,-169.68
ORD01551,2025-06-20,United States,East,New York,Technology,Phone,1,776.42,0.0,185.86
ORD01552,2025-04-27,United States,South,Georgia,Technology,Laptop,4,2726.58,0.3,-125.03
ORD01553,2023-03-15,United States,West,California,Technology,Phone,7,3957.81,0.0,725.29
ORD01554,2024-08-22,United States,West,California,Technology,Phone,2,779.52,0.0,189.85
ORD01555,2024-07-28,United States,South,Georgia,Technology,Phone,6,3470.84,0.05,667.29
ORD01556,2024-04-29,United States,Central,Illinois,Furniture,Chair,2,1095.56,0.0,216.8
ORD01557,2024-12-31,United States,West,Oregon,Technology,Accessories,7,149.06,0.0,53.96
ORD01558,2025-11-23,United States,East,New Jersey,Office Supplies,Paper,8,253.43,0.15,9.29
ORD01559,2024-08-11,United States,South,Texas,Office Supplies,Paper,2,87.11,0.05,12.32
ORD01560,2023-08-15,United States,West,Oregon,Technology,Printer,4,774.96,0.4,-118.44
ORD01561,2025-11-11,United States,South,Texas,Office Supplies,Labels,4,105.36,0.0,24.52
ORD01562,2023-09-04,United States,Central,Colorado,Furniture,Table,5,1174.3,0.0,124.18
ORD01563,2025-06-21,United States,Central,Ohio,Furniture,Desk,3,1430.74,0.0,165.1
ORD01564,2024-07-07,United States,East,New York,Office Supplies,Storage,1,64.56,0.3,2.38
ORD01565,2023-06-11,United States,South,Florida,Furniture,Desk,4,1293.28,0.15,76.28
ORD01566,2023-05-14,United States,East,New York,Technology,Accessories,7,811.28,0.2,185.21
ORD01567,2025-12-19,United States,South,Texas,Technology,Accessories,8,1329.37,0.15,286.89
ORD01568,2025-06-06,United States,East,New Jersey,Furniture,Bookcase,3,548.84,0.0,97.95
ORD01569,2023-04-30,United States,South,Texas,Furniture,Chair,6,2560.83,0.05,385.68
ORD01570,2025-11-18,United States,West,Nevada,Technology,Phone,3,1766.11,0.1,230.0
ORD01571,2023-05-26,United States,West,Washington,Office Supplies,Binder,8,303.79,0.0,96.56
ORD01572,2025-07-19,United States,East,Virginia,Furniture,Bookcase,6,1364.86,0.0,317.1
ORD01573,2025-09-10,United States,West,Washington,Technology,Printer,3,488.14,0.0,78.62
ORD01574,2025-05-10,United States,West,Washington,Office Supplies,Labels,8,66.95,0.1,10.98
ORD01575,2024-02-23,United States,East,Virginia,Technology,Phone,3,945.83,0.5,-103.57
ORD01576,2023-05-13,United States,East,New Jersey,Furniture,Chair,6,1049.87,0.0,211.73
ORD01577,2024-01-02,United States,South,North Carolina,Furniture,Bookcase,2,803.76,0.0,178.28
ORD01578,2025-08-02,United States,East,New Jersey,Office Supplies,Paper,5,171.14,0.1,18.26
ORD01579,2025-08-23,United States,East,New Jersey,Technology,Phone,5,4210.65,0.0,865.9
ORD01580,2025-07-08,United States,West,Oregon,Furniture,Desk,1,739.01,0.0,128.48
ORD01581,2023-12-20,United States,West,Oregon,Office Supplies,Binder,5,100.66,0.5,-5.9
ORD01582,2024-12-02,United States,East,Massachusetts,Office Supplies,Labels,3,81.35,0.0,21.14
ORD01583,2023-05-16,United States,Central,Illinois,Technology,Accessories,2,197.07,0.0,74.6
ORD01584,2025-09-25,United States,Central,Colorado,Technology,Printer,8,1139.17,0.0,127.19
ORD01585,2023-08-15,United States,Central,Illinois,Furniture,Chair,6,2590.85,0.1,357.63
ORD01586,2024-07-27,United States,South,Georgia,Furniture,Chair,4,940.0,0.0,167.52
ORD01587,2024-03-21,United States,South,Georgia,Furniture,Bookcase,4,1800.27,0.2,165.66
ORD01588,2024-05-05,United States,Central,Colorado,Office Supplies,Binder,5,189.62,0.0,61.32
ORD01589,2023-03-16,United States,East,Massachusetts,Furniture,Chair,6,2863.37,0.0,487.26
ORD01590,2024-01-03,United States,South,North Carolina,Office Supplies,Binder,2,142.44,0.0,42.16
ORD01591,2025-10-15,United States,South,North Carolina,Furniture,Desk,8,1365.76,0.5,-294.78
ORD01592,2024-04-01,United States,West,California,Furniture,Table,7,1341.29,0.0,233.17
ORD01593,2023-01-10,United States,Central,Illinois,Technology,Laptop,1,1341.17,0.0,253.27
ORD01594,2024-05-22,United States,East,Massachusetts,Furniture,Table,1,167.31,0.0,23.61
ORD01595,2023-02-15,United States,South,Florida,Furniture,Desk,1,483.44,0.2,10.13
ORD01596,2025-11-14,United States,East,New York,Furniture,Table,4,2457.38,0.2,32.04
ORD01597,2023-06-14,United States,West,Oregon,Technology,Laptop,5,2814.17,0.4,-301.87
ORD01598,2024-04-21,United States,South,North Carolina,Furniture,Bookcase,4,882.52,0.1,115.91
ORD01599,2024-07-29,United States,East,Massachusetts,Office Supplies,Binder,6,398.17,0.0,128.24
ORD01600,2023-06-11,United States,West,California,Office Supplies,Storage,2,130.32,0.3,6.14
ORD01601,2023-11-09,United States,East,New Jersey,Technology,Accessories,1,121.81,0.2,21.88
ORD01602,2024-05-24,United States,Central,Illinois,Technology,Printer,6,944.1,0.05,77.87
ORD01603,2023-09-01,United States,South,North Carolina,Office Supplies,Labels,2,54.47,,18.01
ORD01604,2025-10-11,United States,West,California,Technology,Accessories,1,82.95,0.2,12.99
ORD01605,2025-07-12,United States,South,Texas,Technology,Phone,5,2712.35,0.0,715.73
ORD01606,2024-09-14,United States,Central,Colorado,Furniture,Chair,5,1964.24,0.0,298.79
ORD01607,2023-03-02,United States,Central,Illinois,Technology,Laptop,2,1378.98,0.3,-84.42
ORD01608,2024-05-31,United States,West,California,Furniture,Bookcase,4,490.9,0.1,50.82
ORD01609,2024-05-08,United States,West,California,Office Supplies,Binder,3,78.73,0.2,10.22
ORD01610,2025-06-18,United States,South,Georgia,Office Supplies,Storage,1,58.62,0.15,8.78
ORD01611,2023-06-29,United States,Central,Minnesota,Technology,Laptop,3,2329.25,0.3,-115.76
ORD01612,2025-12-02,United States,South,Florida,Furniture,Table,8,4606.45,0.0,779.16
ORD01613,2023-05-30,United States,Central,Minnesota,Furniture,Table,2,1383.46,0.3,-24.8
ORD01614,2023-09-16,United States,Central,Ohio,Technology,Accessories,4,280.12,0.1,74.37
ORD01615,2024-05-04,United States,South,Florida,Technology,Laptop,8,5690.17,0.3,-340.17
ORD01616,2025-06-10,United States,South,Georgia,Office Supplies,Labels,6,143.0,0.1,26.2
ORD01617,2023-01-01,United States,East,Massachusetts,Furniture,Table,2,1010.13,0.4,-107.85
ORD01618,2024-05-04,United States,South,Florida,Furniture,Desk,7,1147.28,0.05,130.45
ORD01619,2023-09-17,United States,West,Nevada,Furniture,Desk,7,4066.15,0.1,486.45
ORD01620,2023-08-17,United States,South,Florida,Office Supplies,Storage,4,308.53,0.0,73.48
ORD01621,2023-09-15,United States,Central,Minnesota,Office Supplies,Storage,5,673.67,0.0,188.34
ORD01622,2024-11-23,United States,East,Virginia,Technology,Printer,8,2197.09,0.0,291.77
ORD01623,2023-07-26,United States,East,New York,Office Supplies,Paper,5,180.32,0.2,8.12
ORD01624,2025-03-17,United States,Central,Minnesota,Furniture,Desk,6,1894.34,0.1,208.23
ORD01625,2024-10-05,United States,South,Georgia,Technology,Printer,8,1285.25,0.15,113.31
ORD01626,2024-12-02,United States,East,New Jersey,Furniture,Table,7,1861.74,0.2,15.43
ORD01627,2025-10-21,United States,West,Oregon,Office Supplies,Storage,8,821.99,0.15,114.37
ORD01628,2024-07-06,United States,Central,Illinois,Furniture,Chair,2,531.48,0.0,72.93
ORD01629,2024-12-30,United States,East,New Jersey,Office Supplies,Storage,1,56.81,0.4,1.1
ORD01630,2024-06-25,United States,West,California,Technology,Accessories,3,62.15,0.2,16.45
ORD01631,2023-12-13,United States,West,Oregon,Technology,Printer,8,1571.58,0.0,292.07
ORD01632,2025-06-30,United States,West,Nevada,Office Supplies,Paper,6,144.17,0.5,-19.01
ORD01633,2023-07-27,United States,Central,Colorado,Furniture,Chair,8,723.35,0.2,27.02
ORD01634,2023-07-30,United States,West,Nevada,Office Supplies,Storage,4,635.3,0.0,166.88
ORD01635,2024-04-24,United States,East,Massachusetts,Office Supplies,Paper,2,56.89,0.0,9.81
ORD01636,2023-03-11,United States,Central,Colorado,Furniture,Chair,8,1322.79,0.0,240.16
ORD01637,2025-01-06,United States,South,Texas,Technology,Printer,1,357.43,0.05,42.87
ORD01638,2024-08-03,United States,West,California,Office Supplies,Labels,5,69.14,0.0,21.0
ORD01639,2025-12-14,United States,South,Florida,Furniture,Bookcase,2,732.93,0.1,101.18
ORD01640,2023-09-05,United States,Central,Minnesota,Technology,Accessories,5,536.35,0.2,98.44
ORD01641,2024-09-20,United States,East,Virginia,Office Supplies,Binder,1,77.47,0.0,20.09
ORD01642,2024-01-02,United States,West,Oregon,Furniture,Desk,8,1464.69,0.05,180.46
ORD01643,2025-10-03,United States,Central,Colorado,Furniture,Bookcase,6,4000.04,0.0,738.76
ORD01644,2024-04-18,United States,East,Virginia,Technology,Laptop,8,9327.33,0.15,652.23
ORD01645,2024-04-13,United States,West,Oregon,Technology,Phone,6,4821.39,0.1,612.57
ORD01646,2023-06-27,United States,Central,Minnesota,Office Supplies,Binder,7,266.19,0.5,-13.57
ORD01647,2025-09-22,United States,East,Virginia,Office Supplies,Labels,1,17.78,0.3,2.38
ORD01648,2023-10-25,United States,South,North Carolina,Furniture,Chair,3,1523.38,0.0,307.57
ORD01649,2024-10-29,United States,West,Oregon,Technology,Accessories,1,147.74,0.2,32.5
ORD01650,2024-03-14,United States,West,Washington,Technology,Accessories,6,776.74,0.0,267.41
ORD01651,2023-09-10,United States,East,Virginia,Technology,Accessories,2,324.7,0.0,123.66
ORD01652,2023-10-29,United States,South,Texas,Technology,Printer,8,2075.19,0.0,342.54
ORD01653,2025-06-30,United States,West,Washington,Office Supplies,Storage,2,65.93,0.3,4.68
ORD01654,2025-06-12,United States,South,Texas,Furniture,Chair,1,428.96,0.0,78.19
ORD01655,2025-08-04,United States,Central,Colorado,Technology,Accessories,2,270.69,0.1,78.03
ORD01656,2023-09-19,United States,East,Massachusetts,Furniture,Desk,2,493.97,0.2,13.96
ORD01657,2024-07-30,United States,East,Massachusetts,Technology,Phone,2,712.28,0.0,143.3
ORD01658,2025-08-18,United States,Central,Colorado,Technology,Laptop,7,7036.65,0.0,1505.31
ORD01659,2025-04-24,United States,West,California,Office Supplies,Binder,1,27.58,0.3,-1.49
ORD01660,2023-07-09,United States,Central,Ohio,Technology,Phone,6,1742.72,0.3,63.09
ORD01661,2024-06-05,United States,East,New Jersey,Furniture,Desk,1,694.54,0.0,115.78
ORD01662,2023-11-08,United States,West,Washington,Technology,Laptop,3,4086.6,0.0,812.61
ORD01663,2025-07-08,United States,Central,Minnesota,Office Supplies,Labels,7,55.41,0.2,1.85
ORD01664,2024-10-12,United States,Central,Colorado,Technology,Laptop,8,9818.28,0.0,1699.18
ORD01665,2024-10-03,United States,Central,Colorado,Office Supplies,Paper,5,164.06,0.0,31.09
ORD01666,2025-10-24,United States,South,Florida,Technology,Accessories,4,298.9,0.1,77.33
ORD01667,2025-11-06,United States,Central,Colorado,Office Supplies,Storage,5,349.76,0.0,84.57
ORD01668,2025-06-17,United States,West,California,Office Supplies,Paper,7,218.15,0.2,16.89
ORD01669,2025-06-25,United States,West,Washington,Office Supplies,Storage,2,244.6,0.1,42.43
ORD01670,2024-11-16,United States,South,Florida,Office Supplies,Paper,8,243.28,0.05,37.96
ORD01671,2025-08-01,United States,South,Georgia,Office Supplies,Labels,5,149.81,0.0,38.7
ORD01672,2024-12-22,United States,Central,Illinois,Office Supplies,Labels,8,48.67,0.5,-2.79
ORD01673,2023-06-03,United States,Central,Colorado,Office Supplies,Labels,3,33.92,0.05,9.1
ORD01674,2023-02-09,United States,Central,Minnesota,Office Supplies,Labels,4,62.33,0.1,14.6
ORD01675,2023-08-14,United States,West,California,Office Supplies,Storage,3,377.11,0.2,42.89
ORD01676,2023-02-07,United States,Central,Colorado,Office Supplies,Labels,7,56.19,0.4,-0.1
ORD01677,2023-06-27,United States,East,Virginia,Office Supplies,Binder,6,203.79,0.1,42.59
ORD01678,2025-04-19,United States,West,Washington,Technology,Accessories,3,196.59,0.1,53.47
ORD01679,2024-09-04,United States,South,Texas,Technology,Accessories,2,62.2,0.0,18.44
ORD01680,2023-07-18,United States,West,Nevada,Technology,Laptop,5,5816.17,0.0,819.32
ORD01681,2024-06-11,United States,Central,Minnesota,Office Supplies,Labels,4,71.31,0.15,6.14
ORD01682,2024-11-24,United States,South,North Carolina,Technology,Laptop,7,7078.61,0.0,1224.52
ORD01683,2025-08-16,United States,Central,Minnesota,Office Supplies,Paper,8,116.49,0.5,-22.13
ORD01684,2023-05-17,United States,South,Texas,Office Supplies,Labels,6,94.1,0.05,27.07
ORD01685,2025-06-27,United States,South,Texas,Technology,Accessories,2,171.08,0.0,62.67
ORD01686,2023-11-27,United States,Central,Colorado,Furniture,Chair,1,464.51,0.2,30.31
ORD01687,2024-11-14,United States,West,Washington,Furniture,Desk,6,3135.08,0.4,-325.02
ORD01688,2025-07-09,United States,South,Texas,Technology,Laptop,5,5004.58,0.1,344.04
ORD01689,2023-07-10,United States,Central,Illinois,Technology,Accessories,8,967.67,0.2,194.01
ORD01690,2025-03-30,United States,East,Virginia,Technology,Printer,5,1665.89,0.0,249.34
ORD01691,2023-10-20,United States,West,Washington,Office Supplies,Storage,2,348.94,0.0,87.74
ORD01692,2024-06-06,United States,West,Oregon,Technology,Accessories,6,198.69,0.05,50.49
ORD01693,2023-07-12,United States,East,Massachusetts,Office Supplies,Paper,3,49.38,0.0,11.96
ORD01694,2025-02-24,United States,Central,Colorado,Technology,Printer,7,2129.93,0.0,351.24
ORD01695,2024-08-29,United States,South,Georgia,Technology,Laptop,8,7432.79,0.0,1227.39
ORD01696,2025-07-20,United States,West,California,Furniture,Chair,1,294.22,0.4,-32.06
ORD01697,2024-08-21,United States,East,Massachusetts,Furniture,Chair,5,2098.5,0.3,-138.12
ORD01698,2023-12-28,United States,Central,Colorado,Furniture,Chair,7,1046.17,0.1,119.34
ORD01699,2025-04-07,United States,Central,Ohio,Furniture,Bookcase,1,407.67,0.1,50.85
ORD01700,2023-08-04,United States,South,Florida,Technology,Phone,3,1588.6,0.4,-57.6
ORD01701,2023-01-12,United States,East,Virginia,Office Supplies,Binder,6,287.98,0.0,94.25
ORD01702,2025-12-26,United States,East,New York,Office Supplies,Labels,7,102.76,0.3,10.95
ORD01703,2025-05-25,United States,South,Georgia,Office Supplies,Labels,1,22.46,0.15,0.29
ORD01704,2023-05-17,United States,Central,Colorado,Furniture,Chair,1,495.62,0.0,73.15
ORD01705,2023-02-16,United States,West,Oregon,Technology,Accessories,6,814.06,0.3,157.45
ORD01706,2024-10-13,United States,East,Massachusetts,Office Supplies,Labels,3,74.65,0.05,14.69
ORD01707,2023-05-29,United States,South,Texas,Office Supplies,Paper,5,111.16,0.2,8.17
ORD01708,2025-07-02,United States,Central,Ohio,Office Supplies,Labels,8,110.32,0.1,21.4
ORD01709,2023-08-19,United States,West,California,Technology,Laptop,2,2594.15,0.0,516.31
ORD01710,2024-11-29,United States,South,Georgia,Office Supplies,Storage,5,684.76,0.1,138.25
ORD01711,2024-06-05,United States,South,Texas,Furniture,Desk,4,421.04,0.0,57.22
ORD01712,2025-09-18,United States,South,Georgia,Furniture,Chair,3,757.33,0.4,-89.14
ORD01713,2023-06-21,United States,South,North Carolina,Office Supplies,Storage,1,57.05,,11.51
ORD01714,2025-05-24,United States,Central,Minnesota,Technology,Laptop,5,5310.68,0.0,952.96
ORD01715,2024-05-17,United States,West,Oregon,Office Supplies,Labels,8,117.33,0.0,34.47
ORD01716,2025-10-13,United States,South,Florida,Office Supplies,Storage,4,666.07,0.0,182.55
ORD01717,2023-05-30,United States,Central,Illinois,Office Supplies,Binder,7,174.46,0.5,-7.34
ORD01718,2024-12-25,United States,South,Florida,Technology,Accessories,6,193.19,0.15,54.06
ORD01719,2025-03-29,United States,Central,Minnesota,Office Supplies,Paper,5,35.13,0.5,-8.38
ORD01720,2025-07-26,United States,East,New York,Office Supplies,Storage,6,599.74,0.2,52.63
ORD01721,2023-07-29,United States,West,California,Furniture,Bookcase,2,599.74,0.2,38.46
ORD01722,2023-04-28,United States,East,New Jersey,Technology,Accessories,8,588.64,0.3,119.88
ORD01723,2023-11-28,United States,South,Florida,Technology,Accessories,4,328.61,0.0,105.19
ORD01724,2023-01-03,United States,Central,Minnesota,Furniture,Bookcase,6,3573.27,0.0,834.82
ORD01725,2023-05-01,United States,East,New Jersey,Office Supplies,Binder,6,108.73,0.0,33.98
ORD01726,2023-01-06,United States,South,Texas,Technology,Printer,8,2299.17,0.2,68.26
ORD01727,2023-05-21,United States,West,California,Furniture,Chair,8,1900.0,0.0,359.44
ORD01728,2023-12-09,United States,South,Florida,Office Supplies,Paper,6,116.42,0.0,23.83
ORD01729,2023-04-17,United States,West,California,Furniture,Chair,2,747.41,0.1,79.13
ORD01730,2025-08-27,United States,Central,Ohio,Office Supplies,Storage,8,360.55,0.15,45.42
ORD01731,2023-11-18,United States,West,Nevada,Office Supplies,Labels,4,42.17,0.4,-1.43
ORD01732,2024-05-26,United States,Central,Ohio,Technology,Accessories,8,1073.33,0.0,385.59
ORD01733,2024-03-09,United States,East,Massachusetts,Office Supplies,Storage,2,167.7,0.15,22.07
ORD01734,2025-11-20,United States,East,Massachusetts,Technology,Accessories,6,347.56,0.1,101.46
ORD01735,2023-06-16,United States,East,New York,Technology,Accessories,4,453.39,0.3,65.17
ORD01736,2023-04-23,United States,East,New York,Technology,Laptop,8,6841.96,0.2,308.82
ORD01737,2025-10-07,United States,South,Georgia,Furniture,Desk,6,2337.97,0.05,163.5
ORD01738,2025-11-05,United States,Central,Ohio,Furniture,Table,7,5147.47,0.0,692.62
ORD01739,2023-07-13,United States,West,California,Office Supplies,Paper,4,118.02,0.15,16.34
ORD01740,2023-03-19,United States,West,California,Furniture,Bookcase,5,2016.38,0.15,130.97
ORD01741,2023-05-25,United States,South,Texas,Furniture,Chair,2,329.86,0.1,39.82
ORD01742,2025-05-23,United States,East,Massachusetts,Office Supplies,Storage,3,278.01,0.2,33.96
ORD01743,2024-08-14,United States,South,Florida,Technology,Accessories,6,620.72,0.2,123.67
ORD01744,2025-03-06,United States,West,California,Technology,Printer,1,249.27,0.3,-10.45
ORD01745,2025-01-17,United States,East,New York,Office Supplies,Binder,2,29.11,0.5,0.2
ORD01746,2024-10-11,United States,East,New York,Technology,Accessories,8,224.62,0.0,72.03
ORD01747,2024-08-08,United States,South,North Carolina,Technology,Accessories,6,981.88,0.15,208.89
ORD01748,2023-10-28,United States,Central,Illinois,Office Supplies,Labels,8,131.39,0.15,23.52
ORD01749,2025-09-26,United States,Central,Illinois,Office Supplies,Paper,1,21.0,0.0,1.46
ORD01750,2023-04-07,United States,South,Texas,Furniture,Chair,8,1729.04,0.4,-75.92
ORD01751,2024-08-23,United States,East,New York,Technology,Laptop,8,9506.77,0.0,1446.19
ORD01752,2024-02-15,United States,Central,Ohio,Technology,Accessories,7,1262.13,0.0,456.07
ORD01753,2024-11-14,United States,East,Massachusetts,Office Supplies,Paper,5,197.88,0.0,49.2
ORD01754,2023-11-21,United States,Central,Minnesota,Technology,Printer,7,1972.86,0.2,76.71
ORD01755,2023-12-15,United States,South,North Carolina,Furniture,Desk,7,2205.72,0.15,146.06
ORD01756,2025-10-09,United States,West,Nevada,Technology,Phone,7,3399.91,0.0,678.19
ORD01757,2024-06-14,United States,West,California,Office Supplies,Labels,5,70.4,0.05,18.53
ORD01758,2025-12-01,United States,East,New York,Technology,Phone,5,1478.89,0.1,202.24
ORD01759,2024-02-18,United States,Central,Illinois,Technology,Accessories,8,1037.74,0.0,376.96
ORD01760,2023-06-28,United States,West,California,Office Supplies,Labels,2,17.71,0.0,6.05
ORD01761,2023-10-16,United States,East,Virginia,Technology,Printer,3,708.37,0.0,117.13
ORD01762,2024-12-29,United States,East,Virginia,Technology,Accessories,2,114.17,0.0,39.74
ORD01763,2025-12-16,United States,East,New Jersey,Office Supplies,Storage,7,834.85,0.3,21.12
ORD01764,2024-11-22,United States,South,North Carolina,Furniture,Table,8,3349.72,0.0,731.26
ORD01765,2023-08-06,United States,East,Virginia,Office Supplies,Storage,2,112.83,0.0,24.53
ORD01766,2024-12-14,United States,South,Texas,Furniture,Desk,1,405.35,0.1,29.52
ORD01767,2023-01-20,United States,South,Texas,Furniture,Desk,5,720.18,0.05,94.27
ORD01768,2024-07-24,United States,Central,Colorado,Technology,Laptop,6,3809.75,0.4,-386.78
ORD01769,2024-01-26,United States,Central,Colorado,Furniture,Bookcase,5,847.43,0.0,206.15
ORD01770,2024-04-02,United States,South,Florida,Technology,Laptop,2,2319.38,0.15,162.57
ORD01771,2023-06-08,United States,South,Florida,Technology,Accessories,1,59.89,0.3,5.75
ORD01772,2024-06-27,United States,West,Washington,Technology,Phone,1,727.03,0.0,201.2
ORD01773,2023-02-26,United States,South,Georgia,Office Supplies,Paper,6,230.82,0.0,56.36
ORD01774,2025-02-20,United States,South,Georgia,Furniture,Desk,7,3478.97,0.3,-274.21
ORD01775,2023-07-13,United States,East,Massachusetts,Furniture,Desk,5,940.74,0.0,164.56
ORD01776,2023-11-24,United States,East,Massachusetts,Technology,Accessories,6,855.65,0.05,250.47
ORD01777,2024-06-24,United States,Central,Ohio,Office Supplies,Paper,5,174.1,0.0,31.54
ORD01778,2024-02-06,United States,South,Texas,Furniture,Chair,8,1861.54,0.0,411.07
ORD01779,2023-08-12,United States,South,North Carolina,Office Supplies,Labels,1,17.0,0.1,5.09
ORD01780,2023-02-09,United States,East,New York,Technology,Phone,1,694.23,0.0,147.23
ORD01781,2024-11-11,United States,South,Texas,Furniture,Desk,6,4824.0,0.1,485.65
ORD01782,2023-08-15,United States,East,Massachusetts,Office Supplies,Labels,4,85.76,0.2,13.79
ORD01783,2023-12-01,United States,Central,Minnesota,Furniture,Table,3,1959.48,0.0,322.25
ORD01784,2023-06-02,United States,South,North Carolina,Technology,Printer,1,338.52,0.05,48.4
ORD01785,2023-05-20,United States,Central,Illinois,Furniture,Chair,2,230.92,0.0,34.34
ORD01786,2023-07-18,United States,East,New York,Technology,Phone,8,2453.67,0.15,200.58
ORD01787,2023-08-22,United States,West,Nevada,Office Supplies,Labels,3,32.88,0.05,6.04
ORD01788,2024-02-24,United States,East,New Jersey,Technology,Printer,6,1404.39,0.15,70.24
ORD01789,2025-10-08,United States,South,Florida,Office Supplies,Paper,2,65.56,0.3,-2.53
ORD01790,2023-02-19,United States,South,Georgia,Office Supplies,Binder,1,50.17,0.0,11.44
ORD01791,2024-06-24,United States,Central,Ohio,Technology,Accessories,3,258.67,0.15,50.98
ORD01792,2025-07-20,United States,West,California,Office Supplies,Binder,7,50.8,0.0,20.6
ORD01793,2025-04-06,United States,Central,Colorado,Office Supplies,Binder,4,227.79,0.2,35.01
ORD01794,2024-12-07,United States,East,Massachusetts,Technology,Laptop,4,3800.57,0.2,171.46
ORD01795,2024-01-21,United States,Central,Illinois,Office Supplies,Storage,5,323.93,0.1,65.88
ORD01796,2024-07-21,United States,South,Texas,Office Supplies,Paper,5,218.5,0.1,17.81
ORD01797,2025-09-09,United States,West,Washington,Technology,Phone,1,267.86,0.3,9.5
ORD01798,2023-04-22,United States,Central,Ohio,Technology,Accessories,6,735.64,0.0,245.43
ORD01799,2024-05-18,United States,West,California,Office Supplies,Binder,6,111.77,0.2,20.42
ORD01800,2023-06-20,United States,South,Georgia,Furniture,Bookcase,7,2793.07,0.0,458.39
ORD01801,2023-09-20,United States,South,Georgia,Technology,Laptop,5,4660.54,0.0,801.61
ORD01802,2024-12-13,United States,East,Virginia,Technology,Printer,8,2932.23,0.0,376.49
ORD01803,2025-10-16,United States,South,Florida,Technology,Accessories,3,223.24,0.4,15.24
ORD01804,2024-04-27,United States,South,North Carolina,Office Supplies,Labels,8,186.9,0.15,27.16
ORD01805,2023-02-24,United States,West,Oregon,Office Supplies,Paper,8,294.29,0.0,60.9
ORD01806,2023-04-10,United States,Central,Minnesota,Furniture,Desk,7,1926.22,0.0,289.18
ORD01807,2024-07-31,United States,East,Virginia,Office Supplies,Storage,3,411.46,0.0,116.96
ORD01808,2024-09-28,United States,East,New Jersey,Technology,Printer,6,1028.8,0.0,160.84
ORD01809,2025-04-22,United States,West,California,Furniture,Table,7,4504.3,0.0,640.54
ORD01810,2023-09-25,United States,Central,Colorado,Furniture,Table,6,2871.97,0.05,182.34
ORD01811,2025-02-16,United States,Central,Minnesota,Furniture,Table,8,2538.34,0.0,383.02
ORD01812,2025-05-31,United States,West,California,Technology,Phone,6,2671.13,0.1,333.17
ORD01813,2024-01-09,United States,South,North Carolina,Furniture,Bookcase,4,287.84,0.4,-30.33
ORD01814,2023-07-05,United States,Central,Illinois,Furniture,Table,6,5985.99,0.0,1335.67
ORD01815,2023-01-20,United States,East,Virginia,Furniture,Chair,5,1578.51,0.1,185.26
ORD01816,2024-08-17,United States,South,Florida,Furniture,Chair,1,103.16,0.1,10.89
ORD01817,2025-10-11,United States,South,Texas,Technology,Phone,6,3542.48,0.2,373.65
ORD01818,2024-07-14,United States,West,Oregon,Technology,Phone,4,2375.31,0.1,355.98
ORD01819,2023-02-01,United States,South,North Carolina,Furniture,Table,7,4289.67,0.15,119.2
ORD01820,2025-03-03,United States,South,Florida,Furniture,Bookcase,5,1872.61,0.0,357.88
ORD01821,2025-07-26,United States,Central,Illinois,Technology,Printer,8,2573.25,0.0,490.84
ORD01822,2024-08-08,United States,West,California,Office Supplies,Binder,1,21.76,0.1,1.62
ORD01823,2024-11-15,United States,West,California,Office Supplies,Binder,5,230.78,0.15,44.21
ORD01824,2024-04-05,United States,South,Texas,Office Supplies,Labels,5,99.36,0.1,19.71
ORD01825,2023-07-26,United States,Central,Colorado,Office Supplies,Labels,6,50.18,0.2,1.05
ORD01826,2024-06-03,United States,South,North Carolina,Technology,Printer,1,379.87,0.0,60.58
ORD01827,2023-12-10,United States,East,New York,Technology,Phone,1,535.35,0.05,111.32
ORD01828,2024-05-14,United States,South,Georgia,Furniture,Bookcase,7,3131.08,0.0,687.9
ORD01829,2025-05-11,United States,Central,Ohio,Technology,Accessories,1,79.9,0.15,17.85
ORD01830,2024-11-08,United States,East,Massachusetts,Technology,Phone,8,2669.8,0.0,628.58
ORD01831,2024-10-16,United States,Central,Ohio,Office Supplies,Labels,6,82.29,0.15,10.18
ORD01832,2023-03-26,United States,West,California,Office Supplies,Paper,4,86.31,0.0,16.37
ORD01833,2025-06-08,United States,West,Nevada,Furniture,Bookcase,7,2455.84,0.05,312.52
ORD01834,2024-12-21,United States,East,New York,Technology,Accessories,1,157.39,0.1,49.3
ORD01835,2023-12-13,United States,East,New Jersey,Technology,Printer,5,1481.65,0.2,31.39
ORD01836,2024-05-08,United States,South,Florida,Furniture,Desk,2,632.17,0.1,45.75
ORD01837,2024-04-15,United States,East,New Jersey,Technology,Laptop,2,2392.6,0.0,515.44
ORD01838,2023-11-05,United States,East,New Jersey,Technology,Laptop,6,6556.72,0.0,1275.15
ORD01839,2025-02-21,United States,East,New York,Furniture,Bookcase,4,523.14,0.15,40.37
ORD01840,2025-06-27,United States,South,Georgia,Furniture,Bookcase,3,993.35,0.15,157.36
ORD01841,2023-06-06,United States,East,Massachusetts,Office Supplies,Labels,2,25.92,0.3,2.14
ORD01842,2023-12-07,United States,East,New Jersey,Technology,Accessories,6,880.0,0.0,318.3
ORD01843,2025-03-20,United States,West,Nevada,Office Supplies,Storage,3,184.78,0.0,46.82
ORD01844,2025-05-15,United States,Central,Colorado,Office Supplies,Labels,7,57.81,0.1,11.36
ORD01845,2023-09-12,United States,East,New York,Technology,Phone,7,2590.81,0.0,626.91
ORD01846,2025-01-05,United States,South,Texas,Office Supplies,Paper,5,182.03,0.2,8.06
ORD01847,2024-02-17,United States,Central,Ohio,Technology,Phone,2,1584.11,0.0,355.36
ORD01848,2024-10-17,United States,East,Massachusetts,Technology,Accessories,2,97.13,0.4,6.84
ORD01849,2023-09-15,United States,South,Texas,Office Supplies,Binder,6,34.89,0.0,8.89
ORD01850,2023-01-02,United States,West,Nevada,Office Supplies,Paper,3,77.97,0.1,18.26
ORD01851,2025-10-12,United States,East,Massachusetts,Technology,Laptop,2,2073.64,0.1,184.27
ORD01852,2025-03-19,United States,South,Texas,Furniture,Chair,5,1869.21,0.0,294.72
ORD01853,2025-08-27,United States,East,New Jersey,Technology,Laptop,6,7050.29,0.05,631.82
ORD01854,2025-07-30,United States,East,New York,Technology,Accessories,2,33.0,0.2,6.58
ORD01855,2024-05-29,United States,South,North Carolina,Technology,Laptop,3,3160.68,0.0,439.67
ORD01856,2024-04-08,United States,West,Oregon,Furniture,Bookcase,5,1126.64,0.0,198.96
ORD01857,2024-01-19,United States,South,North Carolina,Office Supplies,Paper,3,26.5,0.2,0.59
ORD01858,2024-01-15,United States,West,California,Technology,Phone,5,2771.77,0.2,361.04
ORD01859,2024-10-20,United States,East,New Jersey,Technology,Laptop,6,3766.88,0.4,-485.63
ORD01860,2025-08-09,United States,South,Florida,Technology,Phone,8,4080.62,0.0,928.34
ORD01861,2024-03-22,United States,South,Florida,Office Supplies,Paper,8,303.37,0.0,61.1
ORD01862,2024-12-15,United States,Central,Ohio,Furniture,Table,1,105.5,0.2,9.93
ORD01863,2025-01-31,United States,East,New York,Furniture,Chair,1,267.68,0.0,43.72
ORD01864,2024-10-12,United States,South,Georgia,Furniture,Chair,8,2751.55,0.3,-73.43
ORD01865,2023-10-11,United States,West,California,Furniture,Chair,7,3299.35,0.2,99.92
ORD01866,2023-10-31,United States,East,New York,Technology,Printer,6,723.47,0.15,22.76
ORD01867,2025-02-12,United States,West,Washington,Furniture,Chair,5,1744.42,0.15,146.61
ORD01868,2023-05-24,United States,Central,Minnesota,Technology,Phone,5,3566.34,0.0,740.44
ORD01869,2023-06-12,United States,West,Washington,Furniture,Bookcase,4,1253.9,0.4,-44.32
ORD01870,2023-03-05,United States,South,Florida,Technology,Phone,7,2312.24,0.2,279.32
ORD01871,2025-09-23,United States,South,North Carolina,Technology,Printer,1,132.9,0.0,18.54
ORD01872,2025-05-08,United States,West,Washington,Office Supplies,Labels,7,45.11,0.0,8.96
ORD01873,2025-05-22,United States,Central,Colorado,Technology,Phone,8,1391.68,0.5,-196.15
ORD01874,2025-01-04,United States,South,Texas,Office Supplies,Paper,4,161.1,0.0,29.39
ORD01875,2025-05-10,United States,East,New Jersey,Technology,Phone,7,2385.1,0.15,311.99
ORD01876,2024-03-14,United States,South,Florida,Technology,Printer,6,1841.74,0.0,268.91
ORD01877,2024-02-28,United States,West,Oregon,Furniture,Desk,8,2475.62,0.2,-28.46
ORD01878,2025-09-12,United States,West,California,Technology,Accessories,5,508.18,0.4,33.2
ORD01879,2023-05-01,United States,East,Virginia,Furniture,Table,5,2219.04,0.15,169.58
ORD01880,2023-08-29,United States,East,New Jersey,Technology,Printer,7,1262.19,0.5,-231.31
ORD01881,2025-11-20,United States,East,Virginia,Office Supplies,Labels,1,23.16,0.05,5.59
ORD01882,2024-09-21,United States,South,North Carolina,Furniture,Desk,1,347.02,0.0,54.45
ORD01883,2025-01-29,United States,East,Virginia,Technology,Printer,3,787.3,0.1,60.95
ORD01884,2025-12-11,United States,East,Virginia,Furniture,Chair,2,618.51,0.0,88.38
ORD01885,2024-02-08,United States,Central,Minnesota,Office Supplies,Labels,3,28.79,0.1,3.24
ORD01886,2025-09-26,United States,Central,Illinois,Furniture,Bookcase,1,403.39,0.1,42.5
ORD01887,2023-06-02,United States,Central,Ohio,Furniture,Chair,7,353.18,0.5,-51.38
ORD01888,2024-07-28,United States,Central,Illinois,Furniture,Table,4,2556.35,0.2,128.95
ORD01889,2023-04-18,United States,Central,Ohio,Technology,Accessories,6,296.09,0.3,51.9
ORD01890,2023-11-20,United States,West,Washington,Technology,Printer,7,1616.06,0.0,240.48
ORD01891,2024-01-12,United States,West,Washington,Furniture,Table,1,722.71,0.1,
ORD01892,2023-08-29,United States,South,Texas,Office Supplies,Binder,5,52.48,0.2,11.03
ORD01893,2025-08-25,United States,East,Massachusetts,Furniture,Desk,3,1556.87,0.1,154.08
ORD01894,2023-03-23,United States,East,New Jersey,Office Supplies,Binder,7,323.53,0.0,108.44
ORD01895,2025-04-19,United States,East,Massachusetts,Technology,Phone,5,1654.84,0.2,42.24
ORD01896,2024-11-08,United States,Central,Illinois,Office Supplies,Binder,6,95.96,0.1,23.96
ORD01897,2024-02-13,United States,West,Washington,Office Supplies,Storage,3,46.25,0.3,5.82
ORD01898,2023-11-28,United States,East,New Jersey,Office Supplies,Labels,1,11.59,0.3,2.6
ORD01899,2024-08-19,United States,South,Florida,Technology,Accessories,4,268.56,0.2,56.37
ORD01900,2023-01-05,United States,West,California,Office Supplies,Binder,8,41.01,0.15,5.13
ORD01901,2025-04-06,United States,West,Washington,Furniture,Desk,4,1706.66,0.2,21.88
ORD01902,2025-06-22,United States,Central,Colorado,Office Supplies,Paper,5,181.06,0.0,31.05
ORD01903,2023-03-24,United States,Central,Minnesota,Office Supplies,Paper,8,87.1,0.3,-0.41
ORD01904,2023-09-11,United States,Central,Colorado,Technology,Phone,7,2634.82,0.0,646.09
ORD01905,2024-07-11,United States,South,Texas,Technology,Phone,4,2263.13,0.2,97.03
ORD01906,2024-11-03,United States,East,New York,Office Supplies,Binder,6,307.43,0.0,104.12
ORD01907,2023-03-13,United States,West,Washington,Technology,Phone,5,2771.37,0.1,374.1
ORD01908,2025-10-08,United States,East,Virginia,Furniture,Table,4,1764.36,0.1,121.52
ORD01909,2024-09-13,United States,West,Washington,Office Supplies,Paper,7,139.31,0.0,31.5
ORD01910,2024-12-05,United States,Central,Ohio,Furniture,Bookcase,8,841.98,0.0,195.19
ORD01911,2024-07-30,United States,South,Texas,Furniture,Chair,8,3417.05,0.1,415.84
ORD01912,2024-05-05,United States,East,New York,Furniture,Desk,5,2945.93,0.2,81.53
ORD01913,2024-01-04,United States,South,Georgia,Office Supplies,Storage,4,503.07,0.1,86.98
ORD01914,2025-03-03,United States,Central,Illinois,Furniture,Chair,8,3077.48,0.3,-132.67
ORD01915,2024-07-23,United States,South,North Carolina,Technology,Printer,6,1086.01,0.3,-75.71
ORD01916,2025-06-14,United States,Central,Minnesota,Office Supplies,Paper,5,61.57,0.0,12.59
ORD01917,2024-08-29,United States,South,Texas,Technology,Phone,3,2105.83,0.2,110.77
ORD01918,2024-01-13,United States,East,New Jersey,Technology,Printer,7,2658.95,0.0,488.82
ORD01919,2023-07-10,United States,West,Washington,Office Supplies,Binder,3,126.83,0.4,5.07
ORD01920,2023-12-26,United States,West,Oregon,Furniture,Chair,1,468.64,0.0,87.88
ORD01921,2024-06-01,United States,Central,Colorado,Office Supplies,Labels,4,40.46,0.0,13.16
ORD01922,2024-02-19,United States,Central,Minnesota,Furniture,Chair,4,278.16,0.5,-47.21
ORD01923,2024-08-08,United States,Central,Minnesota,Office Supplies,Labels,4,86.4,0.1,14.26
ORD01924,2025-06-28,United States,South,Georgia,Furniture,Bookcase,4,990.3,0.4,-87.41
ORD01925,2023-09-19,United States,West,Oregon,Technology,Printer,4,890.75,0.2,18.6
ORD01926,2024-06-04,United States,East,Massachusetts,Furniture,Chair,7,734.43,0.0,128.43
ORD01927,2025-06-10,United States,East,New York,Office Supplies,Storage,3,132.39,0.0,32.77
ORD01928,2023-12-05,United States,South,Texas,Technology,Accessories,2,286.96,0.05,83.74
ORD01929,2023-06-14,United States,East,Massachusetts,Furniture,Chair,8,1300.93,0.05,216.38
ORD01930,2023-07-28,United States,South,Florida,Office Supplies,Labels,7,143.98,0.15,28.89
ORD01931,2024-02-17,United States,Central,Colorado,Office Supplies,Storage,2,252.13,0.1,45.2
ORD01932,2023-02-22,United States,West,Washington,Technology,Laptop,4,3249.67,0.1,631.01
ORD01933,2025-01-03,United States,South,Georgia,Furniture,Desk,6,2302.04,0.0,382.74
ORD01934,2023-11-23,United States,East,New Jersey,Technology,Accessories,7,438.69,0.05,143.55
ORD01935,2024-08-25,United States,South,Georgia,Office Supplies,Binder,6,381.99,0.15,90.61
ORD01936,2024-01-15,United States,Central,Ohio,Technology,Accessories,2,57.87,0.1,21.04
ORD01937,2023-04-30,United States,Central,Illinois,Technology,Phone,8,4666.65,0.15,604.57
ORD01938,2024-10-09,United States,West,Washington,Office Supplies,Storage,7,1234.89,0.0,330.75
ORD01939,2024-04-26,United States,South,Florida,Office Supplies,Binder,6,362.27,0.0,109.26
ORD01940,2024-12-31,United States,South,Texas,Furniture,Desk,3,2215.17,0.0,151.57
ORD01941,2023-02-02,United States,South,Florida,Office Supplies,Paper,5,132.09,0.2,14.08
ORD01942,2024-07-30,United States,East,Massachusetts,Furniture,Desk,3,1044.75,0.3,-112.48
ORD01943,2024-04-16,United States,South,Florida,Office Supplies,Binder,7,190.36,0.2,25.09
ORD01944,2023-04-08,United States,East,Virginia,Office Supplies,Binder,2,134.5,0.1,32.0
ORD01945,2025-10-21,United States,West,California,Office Supplies,Binder,3,29.41,0.05,7.35
ORD01946,2025-07-07,United States,East,New York,Furniture,Table,2,839.38,0.0,176.31
ORD01947,2024-02-20,United States,East,New Jersey,Furniture,Table,3,571.6,0.1,70.41
ORD01948,2025-05-08,United States,West,California,Office Supplies,Labels,4,72.37,0.0,11.94
ORD01949,2024-07-19,United States,East,Virginia,Technology,Accessories,2,117.11,0.0,35.62
ORD01950,2025-09-07,United States,East,Virginia,Office Supplies,Storage,1,25.65,0.4,0.83
ORD01951,2025-02-06,United States,West,Oregon,Office Supplies,Paper,2,62.47,0.0,15.54
ORD01952,2025-10-19,United States,Central,Colorado,Office Supplies,Paper,1,31.02,0.0,8.3
ORD01953,2025-11-06,United States,East,New Jersey,Furniture,Chair,1,162.51,0.4,-15.41
ORD01954,2024-11-23,United States,East,New York,Technology,Printer,7,1769.71,0.0,259.83
ORD01955,2025-02-19,United States,Central,Illinois,Furniture,Bookcase,4,677.22,0.2,34.37
ORD01956,2023-08-14,United States,Central,Minnesota,Office Supplies,Binder,7,28.31,0.4,4.1
ORD01957,2024-04-27,United States,Central,Colorado,Office Supplies,Storage,1,99.17,0.0,23.99
ORD01958,2024-09-13,United States,Central,Illinois,Technology,Laptop,6,6282.9,0.15,561.92
ORD01959,2024-02-17,United States,Central,Illinois,Furniture,Bookcase,5,3006.14,0.1,397.2
ORD01960,2023-12-26,United States,West,Nevada,Technology,Phone,1,718.65,0.05,163.87
ORD01961,2023-04-01,United States,West,Washington,Office Supplies,Labels,3,68.19,0.0,18.81
ORD01962,2024-12-18,United States,South,Texas,Furniture,Bookcase,2,533.22,0.0,114.83
ORD01963,2023-02-16,United States,West,Nevada,Office Supplies,Labels,1,13.18,0.1,2.89
ORD01964,2025-12-10,United States,West,California,Technology,Accessories,7,1218.39,0.0,405.53
ORD01965,2023-07-04,United States,East,New York,Furniture,Bookcase,2,525.8,0.4,-58.18
ORD01966,2023-11-30,United States,East,New Jersey,Office Supplies,Binder,6,209.73,0.0,55.64
ORD01967,2023-02-25,United States,Central,Illinois,Office Supplies,Labels,3,64.28,0.15,11.96
ORD01968,2025-11-17,United States,Central,Minnesota,Technology,Accessories,4,139.7,0.3,20.49
ORD01969,2023-08-25,United States,West,California,Technology,Printer,7,1248.27,0.05,153.86
ORD01970,2023-04-04,United States,Central,Minnesota,Technology,Accessories,4,58.15,0.1,20.38
ORD01971,2025-04-10,United States,East,New Jersey,Furniture,Chair,2,1032.48,0.0,223.13
ORD01972,2024-11-18,United States,East,Virginia,Technology,Phone,4,3069.75,0.1,374.52
ORD01973,2024-05-07,United States,East,Virginia,Technology,Phone,5,2095.6,0.1,240.47
ORD01974,2023-11-20,United States,East,Virginia,Furniture,Chair,4,518.36,0.3,-19.74
ORD01975,2025-08-30,United States,West,Oregon,Technology,Phone,2,1288.14,0.05,279.55
ORD01976,2025-02-22,United States,Central,Colorado,Office Supplies,Paper,5,199.15,0.0,33.85
ORD01977,2025-10-21,United States,West,California,Office Supplies,Storage,3,406.1,0.0,113.37
ORD01978,2023-07-25,United States,West,California,Office Supplies,Paper,7,162.38,0.0,39.29
ORD01979,2023-07-18,United States,East,New Jersey,Furniture,Bookcase,6,2233.55,0.4,-85.72
ORD01980,2023-10-25,United States,South,Texas,Furniture,Table,2,1053.14,0.4,-119.88
ORD01981,2025-01-13,United States,South,Florida,Furniture,Chair,4,1127.57,0.0,224.13
ORD01982,2023-03-04,United States,East,Massachusetts,Furniture,Desk,5,1785.33,0.1,164.86
ORD01983,2025-06-10,United States,East,New Jersey,Technology,Accessories,5,390.29,0.0,120.25
ORD01984,2023-03-09,United States,Central,Ohio,Technology,Printer,5,521.73,0.5,-89.84
ORD01985,2025-05-13,United States,South,Texas,Office Supplies,Labels,4,20.3,0.5,-2.98
ORD01986,2025-10-04,United States,South,Georgia,Furniture,Bookcase,4,1090.8,0.0,214.91
ORD01987,2023-04-20,United States,South,Florida,Furniture,Table,7,1725.15,0.15,129.58
ORD01988,2023-10-06,United States,South,Florida,Furniture,Bookcase,8,1311.79,0.05,166.17
ORD01989,2023-05-05,United States,East,New Jersey,Technology,Printer,3,802.69,0.1,87.19
ORD01990,2023-03-20,United States,West,Washington,Furniture,Table,8,2768.0,0.4,-399.92
ORD01991,2024-09-13,United States,West,Washington,Technology,Laptop,5,6569.79,0.0,1124.46
ORD01992,2025-09-07,United States,Central,Illinois,Office Supplies,Binder,6,406.2,0.1,91.97
ORD01993,2024-08-11,United States,East,Massachusetts,Office Supplies,Paper,5,50.39,0.2,6.1
ORD01994,2024-11-29,United States,West,Oregon,Furniture,Desk,5,1389.68,0.0,201.69
ORD01995,2023-02-15,United States,South,North Carolina,Office Supplies,Binder,8,46.47,0.15,5.22
ORD01996,2024-12-20,United States,East,Massachusetts,Technology,Printer,1,195.6,0.05,19.79
ORD01997,2024-06-14,United States,East,New York,Office Supplies,Paper,3,34.81,0.1,4.2
ORD01998,2023-04-26,United States,East,New Jersey,Technology,Accessories,8,558.26,0.1,153.09
ORD01999,2024-02-04,United States,West,Washington,Office Supplies,Paper,6,254.85,0.0,49.87
ORD02000,2025-05-22,United States,Central,Illinois,Technology,Printer,1,380.16,0.0,54.54
ORD02001,2025-03-28,United States,Central,Illinois,Technology,Phone,7,5124.63,0.0,1059.35
ORD02002,2025-08-24,United States,South,North Carolina,Furniture,Table,7,1763.76,0.0,360.87
ORD02003,2025-01-04,United States,East,Massachusetts,Technology,Phone,4,2513.49,0.0,500.11
ORD02004,2024-02-20,United States,Central,Illinois,Technology,Phone,4,1219.65,0.0,305.19
ORD02005,2024-07-18,United States,South,Florida,Furniture,Chair,8,1393.19,0.3,-88.17
ORD02006,2025-11-24,United States,South,Georgia,Office Supplies,Storage,8,1248.97,0.1,278.99
ORD02007,2023-03-08,United States,Central,Illinois,Furniture,Desk,6,1335.68,0.0,148.85
ORD02008,2024-07-21,United States,East,New York,Furniture,Desk,3,758.89,0.4,
ORD02009,2024-02-07,United States,East,New York,Furniture,Table,6,1714.81,0.15,172.66
ORD02010,2025-08-02,United States,Central,Illinois,Furniture,Bookcase,5,618.0,0.3,15.45
ORD02011,2023-06-24,United States,East,Virginia,Office Supplies,Labels,3,62.71,0.2,11.78
ORD02012,2023-12-18,United States,West,California,Furniture,Chair,3,191.19,0.4,-24.55
ORD02013,2024-01-13,United States,West,Washington,Furniture,Chair,4,607.7,0.5,-88.33
ORD02014,2025-02-21,United States,Central,Minnesota,Office Supplies,Storage,2,35.16,0.15,6.11
ORD02015,2024-04-11,United States,Central,Ohio,Technology,Printer,4,1435.31,0.0,182.55
ORD02016,2025-07-26,United States,South,North Carolina,Office Supplies,Storage,1,107.98,0.05,29.0
ORD02017,2025-02-19,United States,East,New Jersey,Office Supplies,Storage,5,386.95,0.0,101.63
ORD02018,2023-04-15,United States,South,Florida,Technology,Printer,1,121.28,0.3,-1.56
ORD02019,2023-09-30,United States,South,Georgia,Technology,Phone,7,2331.5,0.0,521.18
ORD02020,2025-08-27,United States,Central,Illinois,Furniture,Table,7,4762.24,0.05,489.33
ORD02021,2024-05-13,United States,East,Virginia,Furniture,Desk,2,533.53,0.3,-38.03
ORD02022,2023-05-23,United States,East,New York,Technology,Accessories,4,452.19,0.15,96.63
ORD02023,2025-06-08,United States,East,New Jersey,Furniture,Desk,3,1956.19,0.15,70.14
ORD02024,2024-09-04,United States,East,New Jersey,Furniture,Chair,5,1144.1,0.0,193.23
ORD02025,2025-11-20,United States,South,Texas,Technology,Phone,2,1015.55,0.05,153.78
ORD02026,2024-06-22,United States,South,Georgia,Furniture,Bookcase,1,582.25,0.0,112.66
ORD02027,2024-11-13,United States,West,Oregon,Technology,Phone,7,3998.55,0.2,465.23
ORD02028,2024-03-03,United States,West,Washington,Furniture,Chair,4,517.68,0.3,-17.99
ORD02029,2025-12-28,United States,East,Virginia,Office Supplies,Storage,2,160.86,0.5,-23.6
ORD02030,2023-02-14,United States,Central,Illinois,Technology,Accessories,3,382.48,0.0,128.39
ORD02031,2023-10-22,United States,Central,Minnesota,Office Supplies,Labels,8,88.09,0.0,20.09
ORD02032,2024-09-24,United States,East,Massachusetts,Office Supplies,Paper,8,380.06,0.0,70.89
ORD02033,2024-09-22,United States,East,Virginia,Furniture,Desk,1,187.41,0.0,23.3
ORD02034,2024-02-19,United States,Central,Ohio,Technology,Accessories,6,1046.79,0.0,378.2
ORD02035,2024-07-31,United States,South,North Carolina,Office Supplies,Paper,6,139.55,0.0,27.15
ORD02036,2023-04-20,United States,South,Texas,Technology,Laptop,7,9562.29,0.0,1622.06
ORD02037,2023-12-08,United States,South,North Carolina,Technology,Laptop,8,6321.14,0.3,-326.7
ORD02038,2025-11-13,United States,Central,Illinois,Technology,Phone,6,4243.67,0.0,878.79
ORD02039,2023-08-27,United States,South,North Carolina,Technology,Laptop,6,5540.39,0.3,-62.75
ORD02040,2024-12-29,United States,Central,Ohio,Office Supplies,Storage,5,134.92,0.4,-3.63
ORD02041,2024-12-13,United States,East,Massachusetts,Furniture,Bookcase,2,1081.95,0.2,62.93
ORD02042,2023-07-05,United States,East,Massachusetts,Technology,Laptop,3,2882.31,0.05,409.48
ORD02043,2023-08-18,United States,Central,Minnesota,Technology,Phone,7,2562.98,0.1,289.94
ORD02044,2024-02-16,United States,South,Florida,Technology,Laptop,7,5832.91,0.1,433.12
ORD02045,2025-12-15,United States,South,Florida,Office Supplies,Labels,1,26.76,0.0,5.52
ORD02046,2024-05-05,United States,Central,Ohio,Furniture,Bookcase,2,707.58,0.1,102.15
ORD02047,2023-05-24,United States,West,California,Technology,Printer,8,1587.78,0.0,205.44
ORD02048,2023-05-08,United States,West,Nevada,Furniture,Table,6,3175.58,0.0,521.04
ORD02049,2023-09-13,United States,Central,Illinois,Technology,Laptop,6,6549.72,0.15,247.71
ORD02050,2025-02-27,United States,East,New York,Office Supplies,Binder,5,394.2,0.0,108.18
ORD02051,2024-04-29,United States,West,Nevada,Technology,Accessories,5,503.65,0.2,96.03
ORD02052,2025-11-12,United States,South,Georgia,Furniture,Bookcase,6,2625.32,0.0,432.83
ORD02053,2023-12-07,United States,East,New York,Office Supplies,Storage,4,73.88,0.15,4.94
ORD02054,2023-11-03,United States,South,Florida,Furniture,Table,7,4348.6,0.0,637.44
ORD02055,2025-04-01,United States,West,Oregon,Office Supplies,Storage,8,963.54,0.0,227.25
ORD02056,2024-05-15,United States,South,Texas,Office Supplies,Labels,6,40.07,0.05,12.96
ORD02057,2025-07-25,United States,West,California,Technology,Laptop,3,3333.47,0.0,615.4
ORD02058,2025-06-05,United States,West,California,Office Supplies,Binder,4,107.85,0.5,-7.73
ORD02059,2023-08-15,United States,Central,Ohio,Office Supplies,Binder,2,98.75,0.3,5.64
ORD02060,2023-12-25,United States,East,New Jersey,Technology,Printer,5,1643.43,0.15,72.62
ORD02061,2024-07-06,United States,Central,Minnesota,Technology,Laptop,2,2673.54,0.0,612.8
ORD02062,2025-12-21,United States,East,New York,Office Supplies,Labels,2,19.08,0.1,1.43
ORD02063,2025-08-05,United States,West,California,Office Supplies,Labels,4,58.21,0.15,7.4
ORD02064,2025-12-25,United States,West,California,Furniture,Bookcase,2,315.89,0.4,-26.63
ORD02065,2023-11-17,United States,East,New York,Office Supplies,Labels,3,58.36,0.0,17.89
ORD02066,2024-03-12,United States,West,Oregon,Furniture,Bookcase,4,2166.94,0.1,288.05
ORD02067,2023-05-24,United States,West,Oregon,Technology,Printer,1,284.62,0.0,41.31
ORD02068,2023-10-01,United States,Central,Colorado,Technology,Printer,8,1844.61,0.0,225.26
ORD02069,2023-11-20,United States,East,Virginia,Office Supplies,Storage,2,318.97,0.05,81.89
ORD02070,2024-01-23,United States,Central,Minnesota,Technology,Phone,4,1856.7,0.0,410.88
ORD02071,2024-02-11,United States,Central,Minnesota,Technology,Laptop,2,2264.4,0.0,387.46
ORD02072,2024-11-15,United States,South,Georgia,Furniture,Chair,4,2261.22,0.0,394.67
ORD02073,2024-11-01,United States,Central,Colorado,Furniture,Table,1,471.54,0.1,15.86
ORD02074,2025-10-01,United States,West,California,Office Supplies,Labels,3,36.37,0.0,10.79
ORD02075,2023-09-16,United States,Central,Illinois,Technology,Phone,1,550.85,0.15,68.1
ORD02076,2024-02-21,United States,Central,Colorado,Office Supplies,Labels,2,24.98,0.0,8.33
ORD02077,2023-10-01,United States,South,Florida,Office Supplies,Binder,5,313.55,0.0,87.25
ORD02078,2025-06-14,United States,West,Oregon,Office Supplies,Paper,7,155.0,0.05,24.51
ORD02079,2023-11-22,United States,East,Virginia,Technology,Phone,8,5304.68,0.05,900.02
ORD02080,2023-01-22,United States,Central,Colorado,Office Supplies,Paper,6,180.47,0.0,34.32
ORD02081,2025-11-12,United States,West,Nevada,Furniture,Chair,8,2305.46,0.0,464.78
ORD02082,2023-01-03,United States,West,Nevada,Technology,Laptop,7,7754.3,0.0,1335.74
ORD02083,2025-12-07,United States,Central,Minnesota,Office Supplies,Labels,4,25.54,0.0,10.3
ORD02084,2024-03-01,United States,South,Texas,Technology,Printer,5,1275.1,0.2,49.0
ORD02085,2023-03-31,United States,West,Nevada,Technology,Printer,5,1287.02,0.3,-80.72
ORD02086,2023-04-27,United States,Central,Minnesota,Technology,Laptop,4,3652.65,0.0,652.0
ORD02087,2023-06-06,United States,South,North Carolina,Office Supplies,Labels,1,4.22,0.3,2.61
ORD02088,2023-02-12,United States,Central,Colorado,Furniture,Bookcase,1,291.83,0.3,2.84
ORD02089,2025-05-01,United States,South,Texas,Technology,Printer,1,101.84,0.3,-3.42
ORD02090,2025-09-26,United States,Central,Illinois,Office Supplies,Storage,7,205.32,0.5,-6.21
ORD02091,2023-06-26,United States,East,Virginia,Furniture,Bookcase,5,1052.59,0.3,-40.94
ORD02092,2023-10-01,United States,West,Oregon,Office Supplies,Paper,3,97.16,0.15,5.55
ORD02093,2025-05-26,United States,Central,Colorado,Technology,Accessories,7,1006.3,0.15,238.09
ORD02094,2025-03-29,United States,South,Florida,Office Supplies,Storage,4,598.85,0.15,75.56
ORD02095,2025-06-25,United States,West,Washington,Office Supplies,Storage,4,392.81,0.3,-1.0
ORD02096,2024-12-02,United States,East,New Jersey,Furniture,Bookcase,2,1027.57,0.05,146.42
ORD02097,2023-04-01,United States,South,Georgia,Office Supplies,Labels,2,30.37,0.0,8.64
ORD02098,2023-09-13,United States,Central,Ohio,Furniture,Desk,8,6677.93,0.0,949.91
ORD02099,2023-03-18,United States,South,Texas,Furniture,Table,2,464.56,0.0,60.32
ORD02100,2025-10-18,United States,South,Florida,Technology,Phone,1,539.54,0.15,84.88
ORD02101,2025-09-28,United States,West,California,Furniture,Bookcase,7,3929.43,0.1,488.71
ORD02102,2023-07-24,United States,West,Nevada,Furniture,Table,4,604.07,0.15,53.14
ORD02103,2023-02-05,United States,South,Georgia,Office Supplies,Storage,1,115.95,0.15,19.09
ORD02104,2025-02-12,United States,East,Massachusetts,Furniture,Chair,4,339.0,0.3,1.18
ORD02105,2023-01-31,United States,South,Florida,Furniture,Chair,3,1029.51,0.0,183.62
ORD02106,2023-11-13,United States,Central,Illinois,Furniture,Chair,5,2046.82,0.05,301.12
ORD02107,2024-07-26,United States,East,Massachusetts,Technology,Phone,5,1710.53,0.0,402.01
ORD02108,2024-11-25,United States,Central,Colorado,Technology,Phone,1,529.57,0.15,43.82
ORD02109,2023-10-19,United States,West,Washington,Furniture,Chair,3,741.49,0.05,98.43
ORD02110,2024-06-06,United States,South,Florida,Office Supplies,Paper,8,54.19,0.5,-7.1
ORD02111,2024-07-29,United States,East,Massachusetts,Technology,Laptop,3,1891.59,0.4,-295.21
ORD02112,2023-07-02,United States,West,Nevada,Technology,Phone,1,686.75,0.05,110.64
ORD02113,2023-03-25,United States,West,Washington,Technology,Laptop,6,7060.58,0.1,703.27
ORD02114,2024-02-26,United States,East,New York,Technology,Laptop,2,2446.72,0.0,489.7
ORD02115,2025-03-16,United States,South,Georgia,Technology,Printer,3,960.14,0.0,165.61
ORD02116,2025-11-29,United States,South,Georgia,Technology,Printer,1,180.84,0.4,-23.76
ORD02117,2024-03-21,United States,South,North Carolina,Office Supplies,Paper,1,10.27,0.0,1.61
ORD02118,2024-03-23,United States,Central,Illinois,Office Supplies,Binder,6,299.28,0.15,57.1
ORD02119,2024-07-21,United States,East,New York,Office Supplies,Labels,7,67.29,0.1,16.5
ORD02120,2023-11-20,United States,South,North Carolina,Office Supplies,Labels,3,69.8,0.0,20.07
ORD02121,2024-02-22,United States,West,Washington,Technology,Printer,2,477.13,0.0,69.87
ORD02122,2025-12-26,United States,South,North Carolina,Office Supplies,Storage,3,253.3,0.05,50.78
ORD02123,2023-02-04,United States,East,New York,Office Supplies,Binder,2,36.21,0.3,7.77
ORD02124,2024-02-07,United States,West,Washington,Technology,Printer,5,1185.59,0.2,49.26
ORD02125,2025-10-30,United States,West,California,Office Supplies,Labels,7,102.65,0.0,25.53
ORD02126,2023-09-26,United States,East,Massachusetts,Technology,Accessories,7,622.99,0.0,223.24
ORD02127,2023-11-05,United States,East,Virginia,Office Supplies,Labels,3,26.89,0.0,7.03
ORD02128,2024-05-11,United States,West,California,Technology,Accessories,1,89.93,0.05,31.77
ORD02129,2023-11-25,United States,West,Oregon,Technology,Accessories,3,352.79,0.4,29.97
ORD02130,2025-08-09,United States,Central,Colorado,Technology,Laptop,5,4511.97,0.0,705.29
ORD02131,2023-12-07,United States,West,California,Furniture,Bookcase,5,1751.44,0.1,295.79
ORD02132,2023-03-30,United States,South,Georgia,Technology,Phone,7,2496.74,0.3,91.05
ORD02133,2025-01-09,United States,South,Georgia,Office Supplies,Labels,7,80.08,0.4,-0.13
ORD02134,2025-03-31,United States,South,North Carolina,Technology,Phone,4,1196.34,0.2,80.81
ORD02135,2025-11-02,United States,West,Washington,Office Supplies,Storage,2,102.4,0.4,-2.08
ORD02136,2023-12-27,United States,South,North Carolina,Technology,Phone,8,5981.17,0.0,1199.17
ORD02137,2023-08-07,United States,Central,Colorado,Furniture,Desk,5,2045.23,0.0,319.53
ORD02138,2025-05-23,United States,West,Oregon,Furniture,Table,5,3522.41,0.2,191.8
ORD02139,2025-08-07,United States,East,Massachusetts,Office Supplies,Binder,4,65.98,0.5,2.88
ORD02140,2023-11-10,United States,South,Florida,Technology,Phone,4,1029.64,0.15,113.27
ORD02141,2025-03-24,United States,Central,Ohio,Technology,Printer,3,489.5,0.4,-56.67
ORD02142,2023-04-17,United States,East,Virginia,Office Supplies,Labels,3,56.61,0.15,7.21
ORD02143,2024-05-16,United States,West,Washington,Office Supplies,Binder,8,209.06,0.0,67.77
ORD02144,2024-10-27,United States,East,New York,Technology,Laptop,3,2846.62,0.2,103.2
ORD02145,2025-02-09,United States,West,Nevada,Office Supplies,Labels,6,46.19,0.0,9.01
ORD02146,2023-08-19,United States,Central,Ohio,Furniture,Chair,4,1479.77,0.15,125.66
ORD02147,2025-01-03,United States,South,Florida,Furniture,Chair,8,3312.28,0.0,635.13
ORD02148,2023-07-27,United States,Central,Minnesota,Technology,Laptop,6,7575.01,0.0,1124.39
ORD02149,2023-11-28,United States,East,Massachusetts,Office Supplies,Storage,8,1024.38,0.0,296.97
ORD02150,2024-05-30,United States,Central,Colorado,Office Supplies,Paper,6,240.48,0.15,28.35
ORD02151,2024-06-15,United States,West,California,Office Supplies,Labels,6,132.99,0.0,42.07
ORD02152,2023-09-28,United States,East,New Jersey,Furniture,Bookcase,6,2050.92,0.0,409.41
ORD02153,2023-07-13,United States,East,Virginia,Technology,Accessories,6,171.03,0.0,55.44
ORD02154,2023-04-19,United States,South,North Carolina,Furniture,Desk,7,770.41,0.3,-61.63
ORD02155,2025-03-18,United States,West,Nevada,Office Supplies,Binder,5,220.52,0.1,45.01
ORD02156,2023-03-09,United States,Central,Ohio,Furniture,Desk,5,1208.48,0.1,118.35
ORD02157,2023-07-27,United States,South,Florida,Office Supplies,Storage,7,488.38,0.4,-19.16
ORD02158,2024-04-02,United States,East,New York,Furniture,Desk,6,931.15,0.0,96.11
ORD02159,2025-02-02,United States,East,New York,Technology,Accessories,7,1145.46,0.0,412.63
ORD02160,2025-06-28,United States,Central,Colorado,Office Supplies,Binder,8,512.6,,138.99
ORD02161,2023-05-30,United States,South,Georgia,Furniture,Bookcase,4,1934.03,0.0,252.69
ORD02162,2025-02-06,United States,West,Nevada,Technology,Printer,4,1472.25,0.0,270.96
ORD02163,2025-11-16,United States,West,California,Technology,Laptop,5,6066.36,0.05,
ORD02164,2025-01-04,United States,South,Texas,Office Supplies,Paper,3,67.84,0.2,4.99
ORD02165,2025-08-29,United States,West,California,Furniture,Bookcase,6,2581.42,0.0,472.03
ORD02166,2023-01-11,United States,East,New Jersey,Furniture,Bookcase,3,773.08,0.0,146.8
ORD02167,2025-04-14,United States,West,California,Office Supplies,Binder,4,182.78,0.0,47.32
ORD02168,2025-02-14,United States,Central,Minnesota,Furniture,Chair,8,2228.59,0.3,-52.96
ORD02169,2025-08-25,United States,South,North Carolina,Technology,Phone,5,3661.28,0.0,771.74
ORD02170,2025-06-10,United States,East,New Jersey,Furniture,Chair,6,1056.47,0.1,100.03
ORD02171,2023-02-20,United States,Central,Ohio,Furniture,Desk,7,2468.62,0.0,334.47
ORD02172,2025-03-20,United States,East,Virginia,Office Supplies,Paper,4,189.59,0.0,40.04
ORD02173,2023-02-17,United States,Central,Illinois,Office Supplies,Binder,4,265.31,0.0,83.65
ORD02174,2024-11-14,United States,South,Georgia,Technology,Printer,3,613.4,0.15,8.7
ORD02175,2024-09-17,United States,East,Massachusetts,Office Supplies,Paper,3,28.29,0.3,2.82
ORD02176,2023-03-05,United States,East,Massachusetts,Furniture,Chair,2,1112.2,0.0,168.28
ORD02177,2024-05-15,United States,Central,Illinois,Furniture,Desk,4,1888.65,0.15,86.58
ORD02178,2025-10-30,United States,Central,Illinois,Office Supplies,Binder,3,177.86,0.0,53.91
ORD02179,2023-03-07,United States,Central,Colorado,Technology,Laptop,6,7176.03,0.1,747.56
ORD02180,2025-09-19,United States,South,Georgia,Technology,Phone,7,2614.37,0.3,-108.12
ORD02181,2025-06-25,United States,West,Washington,Technology,Phone,5,2523.11,0.0,576.42
ORD02182,2024-04-14,United States,East,Virginia,Technology,Laptop,2,2545.77,0.0,465.46
ORD02183,2023-08-29,United States,West,Nevada,Office Supplies,Binder,6,398.9,0.0,127.38
ORD02184,2024-02-22,United States,Central,Illinois,Office Supplies,Binder,3,118.37,0.15,25.87
ORD02185,2023-11-23,United States,South,North Carolina,Technology,Laptop,3,3002.17,0.1,451.33
ORD02186,2023-11-10,United States,West,Washington,Technology,Accessories,4,316.84,0.3,41.67
ORD02187,2024-12-08,United States,South,Florida,Technology,Printer,1,198.46,0.15,10.35
ORD02188,2024-05-13,United States,Central,Ohio,Furniture,Table,3,1553.03,0.1,67.44
ORD02189,2024-07-27,United States,East,Virginia,Office Supplies,Labels,1,23.7,0.0,6.22
ORD02190,2023-12-03,United States,Central,Minnesota,Technology,Laptop,3,3639.43,0.0,637.15
ORD02191,2025-05-23,United States,East,Massachusetts,Technology,Accessories,8,878.29,,255.17
ORD02192,2023-02-20,United States,Central,Colorado,Technology,Phone,1,674.91,0.15,78.2
ORD02193,2024-09-11,United States,South,North Carolina,Technology,Phone,8,3662.67,0.3,-5.15
ORD02194,2025-07-17,United States,Central,Ohio,Technology,Printer,8,1328.89,0.1,127.98
ORD02195,2023-08-16,United States,Central,Illinois,Office Supplies,Binder,5,124.8,0.0,40.85
ORD02196,2023-07-02,United States,East,New York,Furniture,Desk,2,1431.95,0.0,162.27
ORD02197,2025-06-29,United States,East,New York,Office Supplies,Paper,6,190.64,0.0,38.51
ORD02198,2025-04-14,United States,South,Georgia,Office Supplies,Storage,6,536.5,,92.14
ORD02199,2023-08-30,United States,West,Washington,Office Supplies,Binder,5,186.64,0.0,52.15
ORD02200,2024-06-16,United States,South,Texas,Furniture,Table,2,1131.89,0.1,75.47
ORD02201,2024-01-18,United States,Central,Minnesota,Office Supplies,Binder,8,414.38,0.2,65.91
ORD02202,2023-10-23,United States,South,Florida,Technology,Laptop,4,2930.13,0.2,189.08
ORD02203,2025-01-30,United States,West,Nevada,Furniture,Desk,7,5943.46,0.0,1113.71
ORD02204,2023-11-04,United States,Central,Ohio,Furniture,Table,1,219.8,0.15,15.66
ORD02205,2024-09-12,United States,West,Washington,Furniture,Table,2,1132.39,0.0,163.65
ORD02206,2024-04-17,United States,East,Virginia,Furniture,Table,6,3175.19,0.4,-328.99
ORD02207,2023-01-01,United States,West,Oregon,Office Supplies,Storage,4,232.47,0.0,57.92
ORD02208,2023-06-17,United States,West,Nevada,Furniture,Desk,4,1420.35,0.0,199.25
ORD02209,2025-06-02,United States,Central,Colorado,Technology,Phone,3,1161.55,0.0,273.3
ORD02210,2025-08-17,United States,East,Virginia,Furniture,Table,5,2589.71,0.3,-140.15
ORD02211,2023-12-25,United States,South,Florida,Office Supplies,Binder,4,209.89,0.15,38.11
ORD02212,2023-01-26,United States,South,Texas,Furniture,Desk,5,2477.29,0.2,-17.27
ORD02213,2024-04-05,United States,Central,Minnesota,Office Supplies,Binder,4,117.4,0.15,20.01
ORD02214,2023-11-27,United States,South,Texas,Technology,Laptop,1,747.13,0.4,-74.0
ORD02215,2024-08-19,United States,South,Florida,Furniture,Chair,2,223.96,0.0,35.66
ORD02216,2023-12-09,United States,Central,Illinois,Furniture,Bookcase,1,488.82,0.0,104.4
ORD02217,2023-05-19,United States,Central,Colorado,Furniture,Table,5,3116.4,0.0,563.03
ORD02218,2025-05-31,United States,South,North Carolina,Technology,Laptop,7,5742.16,0.1,526.65
ORD02219,2023-06-17,United States,Central,Colorado,Technology,Phone,3,1317.84,0.0,313.45
ORD02220,2023-06-25,United States,Central,Minnesota,Technology,Laptop,1,917.5,0.05,153.12
ORD02221,2025-05-10,United States,East,New York,Furniture,Chair,1,168.01,0.05,16.49
ORD02222,2025-10-16,United States,Central,Minnesota,Technology,Accessories,1,57.94,0.4,2.44
ORD02223,2023-02-03,United States,Central,Colorado,Furniture,Chair,1,406.82,0.2,33.32
ORD02224,2024-01-04,United States,Central,Minnesota,Technology,Printer,2,488.81,0.0,99.6
ORD02225,2023-11-28,United States,Central,Colorado,Technology,Printer,4,1488.81,0.0,222.57
ORD02226,2025-08-27,United States,South,North Carolina,Furniture,Table,6,666.87,0.15,34.34
ORD02227,2025-05-09,United States,East,New York,Technology,Printer,8,1960.31,0.3,-83.77
ORD02228,2023-08-18,United States,South,Florida,Furniture,Bookcase,3,412.36,0.15,60.26
ORD02229,2023-10-18,United States,East,Massachusetts,Furniture,Table,2,550.92,0.1,81.51
ORD02230,2024-05-22,United States,Central,Illinois,Office Supplies,Storage,1,49.0,0.0,15.29
ORD02231,2024-05-02,United States,South,Florida,Office Supplies,Paper,1,38.4,0.05,3.57
ORD02232,2024-07-27,United States,South,Georgia,Technology,Laptop,1,877.63,0.2,11.03
ORD02233,2023-11-09,United States,Central,Minnesota,Office Supplies,Labels,1,18.87,0.0,2.93
ORD02234,2025-02-26,United States,East,Virginia,Furniture,Chair,5,522.32,0.3,-35.94
ORD02235,2023-01-07,United States,South,Texas,Technology,Accessories,5,69.94,0.3,4.76
ORD02236,2023-06-14,United States,West,California,Furniture,Desk,2,258.86,0.0,33.5
ORD02237,2025-09-20,United States,Central,Colorado,Office Supplies,Binder,1,45.95,0.2,4.11
ORD02238,2024-07-17,United States,East,New York,Technology,Printer,2,572.17,0.1,62.62
ORD02239,2024-04-14,United States,East,Massachusetts,Furniture,Bookcase,4,1352.42,0.0,306.61
ORD02240,2023-10-08,United States,South,Georgia,Office Supplies,Paper,6,155.28,0.1,16.96
ORD02241,2025-03-23,United States,South,Florida,Furniture,Bookcase,3,1459.69,0.2,44.19
ORD02242,2025-12-09,United States,South,Georgia,Office Supplies,Labels,6,131.02,0.0,32.82
ORD02243,2023-09-14,United States,East,New York,Technology,Phone,5,2783.02,,583.35
ORD02244,2024-12-29,United States,West,Oregon,Office Supplies,Storage,4,132.13,0.1,27.91
ORD02245,2024-11-24,United States,Central,Illinois,Technology,Printer,2,418.81,0.2,11.65
ORD02246,2024-06-07,United States,East,Virginia,Office Supplies,Labels,4,80.29,0.0,23.19
ORD02247,2023-02-07,United States,South,Florida,Office Supplies,Storage,8,902.12,0.2,83.64
ORD02248,2024-03-20,United States,South,Georgia,Office Supplies,Storage,7,451.11,0.0,100.28
ORD02249,2024-02-14,United States,Central,Colorado,Furniture,Chair,7,2209.21,0.4,-275.23
ORD02250,2023-12-29,United States,West,Washington,Technology,Phone,2,1557.22,0.1,224.0
ORD02251,2023-03-18,United States,West,Washington,Furniture,Table,5,3191.45,0.0,539.3
ORD02252,2023-08-24,United States,West,Washington,Technology,Phone,4,3561.4,0.0,743.93
ORD02253,2023-06-11,United States,East,New Jersey,Technology,Laptop,8,5723.97,0.4,-678.61
ORD02254,2024-03-18,United States,Central,Ohio,Technology,Accessories,2,373.84,0.0,113.21
ORD02255,2025-06-17,United States,East,New York,Office Supplies,Binder,8,490.58,0.1,89.53
ORD02256,2025-10-11,United States,South,North Carolina,Office Supplies,Paper,7,244.34,0.0,43.48
ORD02257,2024-06-12,United States,West,Oregon,Technology,Phone,5,4251.58,0.0,863.79
ORD02258,2024-01-24,United States,Central,Illinois,Technology,Laptop,1,553.85,0.4,-63.12
ORD02259,2025-01-01,United States,South,Florida,Furniture,Desk,6,4770.44,0.0,673.41
ORD02260,2025-03-25,United States,East,New York,Furniture,Table,1,174.72,0.2,4.62
ORD02261,2025-01-25,United States,Central,Ohio,Technology,Laptop,1,1336.89,0.0,221.17
ORD02262,2025-03-05,United States,Central,Colorado,Furniture,Chair,7,770.42,0.1,89.79
ORD02263,2023-10-02,United States,Central,Colorado,Technology,Laptop,4,5501.47,0.0,938.65
ORD02264,2025-05-01,United States,Central,Minnesota,Technology,Phone,6,3353.2,0.15,254.25
ORD02265,2023-01-30,United States,Central,Colorado,Furniture,Chair,8,4428.01,0.0,756.22
ORD02266,2025-10-15,United States,South,Texas,Office Supplies,Paper,8,65.15,0.2,6.71
ORD02267,2025-10-18,United States,East,Massachusetts,Office Supplies,Labels,7,55.76,0.0,17.43
ORD02268,2025-05-29,United States,West,Washington,Technology,Laptop,7,7107.03,0.2,659.34
ORD02269,2023-10-23,United States,South,North Carolina,Furniture,Chair,2,267.21,0.5,-39.85
ORD02270,2024-04-19,United States,West,Nevada,Furniture,Bookcase,3,1024.88,0.1,177.85
ORD02271,2023-01-16,United States,South,Georgia,Office Supplies,Paper,7,217.35,0.3,-0.89
ORD02272,2023-12-11,United States,East,Massachusetts,Office Supplies,Storage,7,890.89,0.15,131.09
ORD02273,2025-12-27,United States,East,Virginia,Office Supplies,Labels,5,46.97,0.15,2.75
ORD02274,2023-10-04,United States,Central,Minnesota,Furniture,Bookcase,8,1159.79,0.0,241.26
ORD02275,2025-04-11,United States,South,Georgia,Furniture,Chair,5,1747.87,0.2,90.37
ORD02276,2023-10-06,United States,South,North Carolina,Furniture,Chair,4,938.51,0.15,53.43
ORD02277,2025-05-31,United States,East,New York,Technology,Printer,3,740.92,0.2,20.2
ORD02278,2023-01-27,United States,West,Nevada,Office Supplies,Labels,5,25.87,0.15,4.22
ORD02279,2025-04-16,United States,East,New York,Office Supplies,Paper,2,66.51,0.1,3.92
ORD02280,2023-07-18,United States,West,Oregon,Office Supplies,Storage,4,72.33,0.0,15.54
ORD02281,2024-08-10,United States,South,Florida,Technology,Accessories,4,218.4,0.3,31.34
ORD02282,2025-03-16,United States,Central,Illinois,Office Supplies,Paper,2,65.4,0.1,11.35
ORD02283,2023-10-06,United States,South,Florida,Technology,Phone,6,4030.78,0.15,431.12
ORD02284,2024-06-03,United States,East,New Jersey,Technology,Accessories,4,472.69,0.4,21.56
ORD02285,2025-11-01,United States,East,Massachusetts,Furniture,Desk,1,637.55,0.2,-15.46
ORD02286,2023-11-28,United States,West,Washington,Office Supplies,Labels,3,15.61,0.0,0.68
ORD02287,2023-01-24,United States,Central,Illinois,Office Supplies,Binder,4,237.31,0.0,77.47
ORD02288,2024-06-29,United States,East,Massachusetts,Office Supplies,Paper,8,204.14,0.0,42.37
ORD02289,2025-03-16,United States,South,North Carolina,Office Supplies,Paper,6,81.07,0.2,6.51
ORD02290,2023-05-06,United States,East,New Jersey,Office Supplies,Binder,3,60.58,0.0,15.85
ORD02291,2023-08-31,United States,Central,Illinois,Office Supplies,Paper,1,34.74,0.3,-4.07
ORD02292,2023-03-03,United States,West,Nevada,Technology,Laptop,3,2796.39,0.0,470.24
ORD02293,2023-06-01,United States,South,North Carolina,Furniture,Table,7,1154.68,0.0,130.5
ORD02294,2024-06-16,United States,East,Virginia,Furniture,Desk,7,1370.65,0.05,102.79
ORD02295,2025-07-11,United States,Central,Colorado,Office Supplies,Labels,2,12.38,0.0,3.04
ORD02296,2025-05-09,United States,West,Nevada,Technology,Laptop,5,4463.78,0.3,-195.2
ORD02297,2025-10-27,United States,South,Georgia,Office Supplies,Paper,8,236.99,0.15,10.14
ORD02298,2025-04-17,United States,Central,Minnesota,Technology,Printer,8,1380.18,0.15,96.29
ORD02299,2024-12-27,United States,Central,Colorado,Technology,Accessories,1,134.75,0.0,51.29
ORD02300,2025-11-02,United States,South,Georgia,Technology,Printer,5,967.74,0.15,73.27
ORD02301,2024-09-07,United States,West,Nevada,Technology,Laptop,6,5304.28,0.15,416.56
ORD02302,2023-02-02,United States,South,Texas,Technology,Accessories,2,58.01,0.2,17.1
ORD02303,2025-04-22,United States,East,New York,Office Supplies,Labels,1,16.75,0.0,4.45
ORD02304,2025-05-20,United States,East,Massachusetts,Office Supplies,Paper,7,195.18,0.05,36.27
ORD02305,2024-09-17,United States,South,North Carolina,Office Supplies,Paper,6,135.55,0.0,24.76
ORD02306,2025-11-03,United States,West,Washington,Furniture,Table,1,750.52,0.15,72.23
ORD02307,2025-03-07,United States,East,New York,Technology,Laptop,6,5016.92,0.1,639.49
ORD02308,2024-06-14,United States,West,Oregon,Office Supplies,Labels,8,75.02,0.4,-1.32
ORD02309,2025-12-18,United States,West,Washington,Office Supplies,Storage,4,327.21,0.0,73.04
ORD02310,2023-07-27,United States,South,Georgia,Office Supplies,Binder,8,197.18,0.3,23.41
ORD02311,2024-03-22,United States,South,North Carolina,Technology,Laptop,5,5867.67,0.05,870.76
ORD02312,2024-08-24,United States,East,Virginia,Office Supplies,Paper,8,70.14,0.4,-3.77
ORD02313,2025-10-15,United States,Central,Ohio,Technology,Accessories,8,1590.94,0.0,549.05
ORD02314,2023-07-31,United States,South,North Carolina,Office Supplies,Storage,2,154.12,0.2,26.49
ORD02315,2023-12-22,United States,Central,Illinois,Furniture,Desk,1,106.84,0.0,8.45
ORD02316,2023-06-16,United States,South,Texas,Furniture,Table,2,1180.73,0.0,200.2
ORD02317,2025-04-17,United States,East,Virginia,Office Supplies,Labels,7,61.44,0.0,21.45
ORD02318,2023-10-20,United States,South,Georgia,Furniture,Desk,2,507.53,0.15,29.44
ORD02319,2024-08-08,United States,Central,Colorado,Technology,Printer,7,1909.41,0.2,-20.29
ORD02320,2023-05-11,United States,South,Florida,Office Supplies,Labels,4,57.44,0.1,18.15
ORD02321,2023-01-20,United States,West,California,Furniture,Table,8,6411.96,0.1,693.04
ORD02322,2024-02-12,United States,East,Massachusetts,Furniture,Bookcase,3,1975.86,0.0,345.54
ORD02323,2025-08-15,United States,South,Texas,Technology,Laptop,5,5021.72,0.0,846.0
ORD02324,2025-12-30,United States,West,California,Technology,Laptop,2,1907.4,0.2,84.71
ORD02325,2024-04-29,United States,South,Georgia,Office Supplies,Paper,8,136.48,0.0,25.96
ORD02326,2025-07-03,United States,Central,Minnesota,Furniture,Bookcase,2,1025.87,0.0,196.27
ORD02327,2025-05-14,United States,Central,Illinois,Office Supplies,Binder,6,155.06,0.0,50.29
ORD02328,2023-03-21,United States,West,Nevada,Furniture,Chair,7,1534.42,0.4,-138.88
ORD02329,2023-01-25,United States,South,Florida,Technology,Printer,3,590.56,0.0,117.13
ORD02330,2024-10-10,United States,East,Massachusetts,Furniture,Bookcase,6,1902.38,0.0,373.89
ORD02331,2024-04-15,United States,East,New Jersey,Furniture,Table,6,5031.24,0.0,809.78
ORD02332,2025-08-02,United States,East,Massachusetts,Furniture,Chair,5,674.02,0.0,118.67
ORD02333,2025-03-22,United States,West,Washington,Office Supplies,Labels,8,68.9,0.1,15.61
ORD02334,2024-10-15,United States,West,Washington,Technology,Phone,3,1023.72,0.15,122.57
ORD02335,2023-04-14,United States,East,Massachusetts,Furniture,Table,1,150.13,0.2,6.67
ORD02336,2025-12-12,United States,East,Virginia,Office Supplies,Binder,8,444.48,0.1,104.29
ORD02337,2024-09-12,United States,East,New Jersey,Technology,Phone,5,1128.68,0.3,30.54
ORD02338,2024-07-18,United States,West,Nevada,Technology,Printer,1,319.58,0.15,29.84
ORD02339,2024-03-27,United States,West,Oregon,Technology,Phone,4,3091.91,,656.1
ORD02340,2025-08-28,United States,West,Washington,Technology,Phone,5,2180.4,0.0,520.32
ORD02341,2025-06-08,United States,South,Georgia,Office Supplies,Binder,2,23.24,0.0,8.64
ORD02342,2024-10-26,United States,West,Nevada,Furniture,Table,8,2160.77,0.0,377.57
ORD02343,2025-05-13,United States,South,Florida,Technology,Accessories,3,71.2,0.4,4.66
ORD02344,2023-02-04,United States,East,New York,Furniture,Table,6,4598.21,0.2,98.93
ORD02345,2023-04-15,United States,West,Nevada,Office Supplies,Labels,1,11.94,0.15,2.02
ORD02346,2024-08-18,United States,Central,Minnesota,Office Supplies,Paper,8,130.95,0.0,24.29
ORD02347,2023-10-25,United States,West,California,Office Supplies,Paper,8,93.23,0.3,1.83
ORD02348,2023-05-18,United States,South,Florida,Furniture,Desk,5,2953.85,0.0,452.96
ORD02349,2023-06-16,United States,Central,Illinois,Furniture,Chair,8,1746.67,0.5,-421.75
ORD02350,2025-05-23,United States,West,California,Technology,Printer,5,980.17,0.0,140.38
ORD02351,2023-11-16,United States,East,Massachusetts,Furniture,Chair,4,563.75,0.0,135.46
ORD02352,2025-06-05,United States,South,Georgia,Technology,Phone,5,3259.52,0.0,810.75
ORD02353,2024-02-19,United States,East,Massachusetts,Office Supplies,Paper,7,189.75,0.0,41.76
ORD02354,2024-06-17,United States,West,Oregon,Office Supplies,Binder,5,368.76,0.0,128.85
ORD02355,2023-08-10,United States,Central,Colorado,Technology,Laptop,6,6862.7,0.05,886.43
ORD02356,2024-07-30,United States,Central,Colorado,Office Supplies,Binder,4,214.42,0.0,65.05
ORD02357,2025-04-24,United States,West,Washington,Office Supplies,Labels,1,17.32,0.2,11.16
ORD02358,2023-09-13,United States,West,Washington,Office Supplies,Binder,3,81.83,0.2,10.96
ORD02359,2024-01-29,United States,South,Florida,Furniture,Table,1,784.33,0.0,106.86
ORD02360,2024-09-06,United States,East,New Jersey,Furniture,Desk,7,3476.65,0.1,382.12
ORD02361,2023-01-31,United States,South,Florida,Technology,Accessories,7,596.57,0.3,91.55
ORD02362,2025-10-21,United States,South,Georgia,Furniture,Bookcase,4,1808.04,0.1,267.8
ORD02363,2023-04-07,United States,Central,Colorado,Office Supplies,Binder,5,356.7,0.0,98.97
ORD02364,2024-03-23,United States,East,Massachusetts,Furniture,Table,5,4161.54,0.0,707.32
ORD02365,2024-01-28,United States,South,North Carolina,Office Supplies,Storage,7,857.74,0.0,195.79
ORD02366,2025-11-26,United States,Central,Colorado,Furniture,Bookcase,5,366.6,0.4,-37.35
ORD02367,2023-12-14,United States,Central,Colorado,Furniture,Desk,2,1231.85,0.0,208.56
ORD02368,2025-11-18,United States,Central,Illinois,Office Supplies,Paper,8,209.96,0.0,41.17
ORD02369,2023-06-24,United States,East,Virginia,Office Supplies,Binder,1,42.54,0.15,9.0
ORD02370,2023-02-17,United States,West,Oregon,Technology,Printer,6,673.72,0.15,57.88
ORD02371,2023-06-06,United States,West,Oregon,Furniture,Chair,8,2490.55,0.4,-221.94
ORD02372,2023-03-24,United States,South,Florida,Office Supplies,Labels,3,79.07,0.05,21.94
ORD02373,2023-02-06,United States,South,North Carolina,Office Supplies,Storage,1,64.89,0.2,2.64
ORD02374,2025-02-08,United States,South,Georgia,Office Supplies,Paper,8,106.37,0.0,24.56
ORD02375,2024-02-01,United States,East,Massachusetts,Office Supplies,Binder,3,201.69,0.0,64.06
ORD02376,2023-07-15,United States,Central,Colorado,Office Supplies,Paper,1,21.78,0.15,-2.34
ORD02377,2024-03-03,United States,South,Florida,Furniture,Desk,7,1890.05,0.15,67.49
ORD02378,2023-08-20,United States,East,New York,Technology,Phone,7,4657.06,0.0,1141.94
ORD02379,2023-06-29,United States,West,Oregon,Office Supplies,Binder,7,329.19,0.0,84.43
ORD02380,2025-07-21,United States,Central,Ohio,Technology,Accessories,3,121.21,0.15,35.32
ORD02381,2023-06-12,United States,Central,Illinois,Furniture,Table,7,5369.45,0.0,1136.81
ORD02382,2025-03-31,United States,West,Washington,Office Supplies,Binder,4,78.06,0.05,23.28
ORD02383,2024-09-19,United States,Central,Minnesota,Office Supplies,Paper,3,142.56,0.0,30.84
ORD02384,2023-05-29,United States,East,New Jersey,Technology,Printer,3,1099.35,0.0,225.48
ORD02385,2024-08-03,United States,West,Nevada,Office Supplies,Storage,7,604.18,0.2,84.81
ORD02386,2023-04-24,United States,East,Virginia,Technology,Phone,7,5805.21,0.0,1397.07
ORD02387,2023-08-20,United States,Central,Colorado,Office Supplies,Binder,8,330.04,0.1,84.52
ORD02388,2023-10-03,United States,East,New York,Office Supplies,Paper,4,137.09,0.0,22.13
ORD02389,2025-04-06,United States,South,Florida,Office Supplies,Binder,5,149.61,0.2,23.72
ORD02390,2023-09-23,United States,West,Oregon,Office Supplies,Paper,4,55.11,0.2,4.87
ORD02391,2024-02-23,United States,South,Georgia,Furniture,Chair,6,1938.82,0.3,10.19
ORD02392,2025-07-05,United States,Central,Ohio,Furniture,Table,6,1574.49,0.3,-63.82
ORD02393,2024-01-30,United States,South,Texas,Technology,Printer,5,1241.73,0.0,233.42
ORD02394,2023-03-13,United States,West,Nevada,Office Supplies,Storage,2,161.19,0.05,33.06
ORD02395,2023-05-08,United States,West,Washington,Office Supplies,Binder,6,369.98,0.2,71.45
ORD02396,2023-12-11,United States,East,New Jersey,Furniture,Chair,6,1056.68,0.0,160.32
ORD02397,2025-07-22,United States,Central,Colorado,Office Supplies,Paper,1,25.27,0.0,1.75
ORD02398,2024-07-04,United States,East,Massachusetts,Technology,Phone,1,283.47,0.5,-32.44
ORD02399,2023-02-27,United States,West,California,Technology,Printer,8,1158.25,0.2,32.32
ORD02400,2023-02-13,United States,West,Nevada,Technology,Phone,8,4072.56,0.0,895.35
ORD02401,2024-12-26,United States,Central,Colorado,Technology,Printer,5,1510.05,0.0,246.78
ORD02402,2025-07-01,United States,West,California,Office Supplies,Storage,2,188.19,0.15,30.84
ORD02403,2024-11-15,United States,West,Washington,Office Supplies,Binder,4,102.33,0.0,29.2
ORD02404,2025-09-11,United States,East,Virginia,Technology,Accessories,8,213.25,0.15,49.03
ORD02405,2024-05-09,United States,Central,Minnesota,Technology,Phone,7,2330.62,0.4,-201.04
ORD02406,2023-08-09,United States,Central,Illinois,Technology,Printer,5,1437.67,0.15,100.78
ORD02407,2023-10-25,United States,East,New Jersey,Furniture,Table,8,6271.66,0.0,1219.66
ORD02408,2025-04-02,United States,Central,Ohio,Office Supplies,Paper,3,118.55,0.1,16.4
ORD02409,2023-06-12,United States,South,Texas,Office Supplies,Binder,6,181.16,0.0,61.55
ORD02410,2025-02-11,United States,East,New York,Technology,Printer,7,2121.84,0.1,133.41
ORD02411,2023-08-07,United States,Central,Colorado,Technology,Accessories,1,144.05,0.2,29.97
ORD02412,2025-11-20,United States,West,Nevada,Technology,Accessories,4,492.0,0.1,135.63
ORD02413,2024-09-29,United States,East,New York,Technology,Phone,3,1215.99,0.0,286.41
ORD02414,2024-11-09,United States,East,Massachusetts,Office Supplies,Storage,5,475.44,0.0,118.19
ORD02415,2025-07-05,United States,Central,Colorado,Technology,Phone,5,4429.61,0.0,901.94
ORD02416,2023-05-20,United States,West,California,Office Supplies,Binder,3,143.83,0.0,41.34
ORD02417,2024-03-10,United States,East,Virginia,Office Supplies,Storage,7,377.38,0.2,66.06
ORD02418,2025-06-06,United States,East,New Jersey,Furniture,Bookcase,2,204.03,0.15,22.17
ORD02419,2024-06-05,United States,East,New Jersey,Technology,Phone,5,1437.3,0.3,58.21
ORD02420,2024-03-20,United States,Central,Illinois,Furniture,Desk,3,1362.85,0.1,207.45
ORD02421,2023-11-02,United States,South,Florida,Technology,Accessories,1,121.31,0.05,34.32
ORD02422,2025-01-30,United States,West,Oregon,Furniture,Bookcase,4,1138.24,0.4,-160.13
ORD02423,2024-12-25,United States,South,Texas,Technology,Accessories,8,607.51,0.0,200.87
ORD02424,2024-09-07,United States,East,Massachusetts,Office Supplies,Paper,6,146.4,0.0,33.36
ORD02425,2025-02-22,United States,Central,Illinois,Office Supplies,Labels,3,68.57,0.15,4.37
ORD02426,2025-07-04,United States,East,New Jersey,Furniture,Table,4,1743.68,0.5,-283.96
ORD02427,2024-09-01,United States,South,Florida,Office Supplies,Storage,3,347.91,0.0,84.6
ORD02428,2025-04-27,United States,West,Nevada,Furniture,Chair,1,156.61,0.2,3.37
ORD02429,2024-01-09,United States,West,California,Technology,Phone,3,1151.47,0.0,267.55
ORD02430,2023-08-16,United States,Central,Ohio,Technology,Laptop,7,9537.44,0.0,1874.4
ORD02431,2024-04-21,United States,South,Texas,Technology,Accessories,2,126.74,0.2,20.31
ORD02432,2025-02-20,United States,Central,Minnesota,Technology,Accessories,6,698.04,0.3,68.11
ORD02433,2024-08-20,United States,West,California,Office Supplies,Labels,4,81.35,0.0,22.26
ORD02434,2023-04-14,United States,East,New York,Office Supplies,Paper,8,92.93,0.0,20.08
ORD02435,2025-09-10,United States,Central,Ohio,Technology,Printer,4,1211.57,0.0,193.02
ORD02436,2024-07-08,United States,East,Massachusetts,Furniture,Table,3,1567.25,0.0,223.71
ORD02437,2025-01-25,United States,South,Georgia,Office Supplies,Labels,2,14.4,0.5,-4.69
ORD02438,2025-06-21,United States,West,Nevada,Furniture,Desk,2,1252.07,0.2,24.36
ORD02439,2024-05-01,United States,South,Texas,Technology,Laptop,8,6124.51,0.4,-332.86
ORD02440,2024-03-01,United States,South,Georgia,Office Supplies,Storage,5,376.99,0.0,93.13
ORD02441,2025-02-10,United States,East,Virginia,Office Supplies,Storage,6,655.77,0.0,169.99
ORD02442,2023-01-28,United States,West,Washington,Technology,Laptop,4,3685.64,0.0,786.61
ORD02443,2025-09-25,United States,East,New Jersey,Technology,Accessories,1,65.09,0.3,9.78
ORD02444,2023-04-01,United States,East,New York,Technology,Accessories,2,250.32,0.05,76.79
ORD02445,2024-11-17,United States,South,Florida,Office Supplies,Paper,5,127.46,0.1,19.71
ORD02446,2024-05-22,United States,South,Texas,Office Supplies,Labels,1,20.78,0.0,6.39
ORD02447,2025-03-06,United States,Central,Illinois,Technology,Accessories,4,511.22,0.15,155.33
ORD02448,2025-03-05,United States,Central,Illinois,Furniture,Table,4,3034.61,0.0,454.34
ORD02449,2023-06-22,United States,East,Massachusetts,Office Supplies,Storage,8,1163.54,0.15,189.73
ORD02450,2024-12-26,United States,South,Florida,Technology,Phone,3,2448.09,0.0,527.59
ORD02451,2025-10-17,United States,South,Georgia,Office Supplies,Binder,4,174.59,0.1,43.47
ORD02452,2024-08-03,United States,South,Texas,Furniture,Desk,2,1274.51,0.15,116.91
ORD02453,2023-10-27,United States,West,California,Office Supplies,Storage,6,857.88,0.0,211.31
ORD02454,2025-01-08,United States,West,Oregon,Furniture,Bookcase,2,774.63,0.4,-77.7
ORD02455,2024-03-13,United States,South,North Carolina,Office Supplies,Binder,2,156.15,0.0,52.09
ORD02456,2025-06-09,United States,West,Oregon,Office Supplies,Paper,6,137.93,0.0,22.53
ORD02457,2024-11-15,United States,Central,Colorado,Office Supplies,Storage,8,667.83,0.1,125.45
ORD02458,2024-08-03,United States,Central,Colorado,Furniture,Bookcase,6,3854.55,0.0,703.96
ORD02459,2023-05-06,United States,East,Massachusetts,Furniture,Bookcase,4,2232.76,0.0,404.13
ORD02460,2025-01-14,United States,South,Florida,Office Supplies,Binder,6,250.16,0.15,56.04
ORD02461,2024-09-08,United States,West,Washington,Furniture,Table,3,355.89,0.5,-70.11
ORD02462,2025-12-20,United States,South,Florida,Technology,Laptop,5,5542.75,0.15,545.08
ORD02463,2024-04-20,United States,East,New York,Furniture,Table,1,724.02,0.0,135.39
ORD02464,2025-09-04,United States,South,Florida,Technology,Phone,2,946.36,0.3,2.81
ORD02465,2023-10-12,United States,Central,Colorado,Office Supplies,Binder,4,45.13,0.4,2.51
ORD02466,2024-12-25,United States,South,Georgia,Technology,Laptop,7,6664.71,0.0,1702.86
ORD02467,2025-02-04,United States,South,North Carolina,Office Supplies,Paper,3,94.85,0.0,
ORD02468,2024-01-26,United States,West,California,Furniture,Bookcase,5,423.02,0.5,-47.94
ORD02469,2025-09-09,United States,East,New Jersey,Furniture,Chair,1,64.7,0.3,-2.41
ORD02470,2023-06-28,United States,South,Georgia,Technology,Laptop,2,2158.88,0.0,405.38
ORD02471,2024-06-15,United States,South,Texas,Technology,Phone,2,1352.24,0.1,231.79
ORD02472,2025-09-19,United States,South,Texas,Office Supplies,Binder,2,113.42,0.1,26.0
ORD02473,2023-11-22,United States,West,Washington,Technology,Laptop,3,1885.34,0.4,-197.35
ORD02474,2023-12-23,United States,East,New York,Office Supplies,Labels,3,21.78,0.2,5.11
ORD02475,2024-12-24,United States,Central,Ohio,Furniture,Desk,4,1408.56,0.1,140.04
ORD02476,2023-02-23,United States,West,California,Office Supplies,Binder,1,54.13,0.3,7.38
ORD02477,2024-04-12,United States,East,Massachusetts,Technology,Accessories,7,195.66,0.1,50.16
ORD02478,2025-02-10,United States,South,Texas,Technology,Printer,2,588.27,0.1,79.89
ORD02479,2025-12-31,United States,West,Nevada,Technology,Phone,2,896.95,0.0,206.12
ORD02480,2023-09-04,United States,West,Washington,Technology,Phone,2,575.78,0.4,-44.67
ORD02481,2025-12-26,United States,Central,Colorado,Technology,Phone,3,2172.89,0.0,478.7
ORD02482,2025-06-28,United States,East,New York,Furniture,Bookcase,2,639.53,0.0,129.84
ORD02483,2025-02-28,United States,West,California,Office Supplies,Labels,2,40.9,0.0,13.55
ORD02484,2024-07-09,United States,Central,Ohio,Technology,Laptop,8,7810.81,0.05,886.43
ORD02485,2025-08-12,United States,West,California,Office Supplies,Binder,1,23.13,0.2,5.97
ORD02486,2025-05-08,United States,Central,Ohio,Office Supplies,Storage,2,226.64,0.15,40.2
ORD02487,2023-08-09,United States,Central,Illinois,Office Supplies,Storage,8,461.12,0.15,92.34
ORD02488,2023-11-17,United States,West,Washington,Technology,Printer,3,753.58,0.05,64.99
ORD02489,2024-03-31,United States,Central,Illinois,Office Supplies,Binder,7,62.15,0.0,19.05
ORD02490,2023-12-15,United States,South,Florida,Office Supplies,Binder,1,7.66,0.0,0.76
ORD02491,2025-01-24,United States,East,New Jersey,Furniture,Bookcase,5,2799.99,0.0,560.67
ORD02492,2025-04-26,United States,South,Florida,Technology,Phone,4,1261.99,0.2,99.35
ORD02493,2025-06-05,United States,West,Washington,Furniture,Table,1,218.24,0.1,26.0
ORD02494,2025-05-07,United States,Central,Illinois,Furniture,Chair,5,1863.68,0.1,232.8
ORD02495,2025-10-14,United States,East,New Jersey,Office Supplies,Storage,1,35.84,0.3,-3.26
ORD02496,2025-10-27,United States,East,Virginia,Furniture,Bookcase,6,1651.95,0.15,203.62
ORD02497,2025-05-01,United States,East,Virginia,Technology,Phone,7,3253.09,0.0,762.1
ORD02498,2023-09-23,United States,East,New York,Furniture,Chair,4,1800.47,0.1,153.35
ORD02499,2024-05-24,United States,Central,Colorado,Furniture,Table,4,821.88,0.3,-19.74
ORD02500,2024-01-09,United States,Central,Minnesota,Furniture,Desk,2,573.13,0.1,46.21
